timestamp,user_id,action,resource,label
2023-06-12 17:08:55.960642,25,login,file1,unauthorized
2023-10-06 18:31:33.175618,96,logout,file1,authorized
2023-09-19 23:34:53.931350,65,login,file2,unauthorized
2023-09-02 14:36:51.356600,67,access,file1,unauthorized
2023-01-25 05:20:52.193896,1,access,server2,authorized
2023-05-24 02:16:28.805385,54,login,server1,unauthorized
2023-02-20 09:54:26.536011,98,logout,file2,authorized
2023-06-24 18:09:33.056252,89,access,server1,authorized
2023-11-24 10:24:01.657636,71,logout,file1,authorized
2023-05-11 12:40:33.261339,47,access,file1,unauthorized
2023-09-12 23:38:31.334273,70,access,file1,unauthorized
2023-05-16 19:43:24.965056,27,access,server1,unauthorized
2023-09-24 07:51:46.334108,74,access,server1,authorized
2023-05-24 23:02:46.832395,2,login,server2,authorized
2023-03-08 19:08:58.577812,3,logout,file2,unauthorized
2023-10-10 05:34:38.046730,89,access,server1,unauthorized
2023-11-06 04:02:53.752625,76,access,file2,authorized
2023-08-25 00:47:09.733219,14,login,file2,unauthorized
2023-04-06 23:05:23.168758,50,login,server2,unauthorized
2023-06-22 22:07:50.123585,21,access,file2,authorized
2023-11-30 00:15:37.557522,71,logout,server2,authorized
2023-03-13 12:46:21.915341,65,login,file1,authorized
2023-08-15 00:44:30.486031,74,access,server1,authorized
2023-04-29 03:33:52.988269,77,logout,file1,authorized
2023-02-28 01:49:24.437707,58,access,file2,unauthorized
2023-11-11 06:14:28.784092,55,logout,file1,authorized
2023-03-27 23:16:22.885350,47,access,server1,unauthorized
2023-07-20 00:49:43.821574,78,logout,server2,authorized
2023-03-15 03:52:38.346001,69,access,file2,unauthorized
2023-03-11 00:16:45.336123,22,logout,file1,unauthorized
2023-09-10 02:54:28.152267,55,logout,server2,authorized
2023-07-25 00:25:32.878798,10,login,file2,authorized
2023-05-23 21:41:16.327918,34,login,server2,authorized
2023-01-14 19:32:58.650268,38,login,server1,unauthorized
2023-01-18 07:43:56.212558,3,access,file2,unauthorized
2023-05-31 10:07:18.333661,40,logout,server1,authorized
2023-12-18 21:48:36.783105,42,logout,file1,authorized
2023-06-16 14:21:35.592105,92,login,server1,unauthorized
2023-12-25 17:17:45.033762,97,login,server1,authorized
2023-04-21 08:21:43.493920,11,access,file1,authorized
2023-02-04 05:35:16.812696,56,access,server2,unauthorized
2023-08-07 16:30:23.854989,43,logout,server2,authorized
2023-04-16 13:13:11.437769,96,login,server2,authorized
2023-08-10 20:19:51.697968,81,access,file1,unauthorized
2023-12-26 06:11:56.643157,38,access,server1,unauthorized
2023-12-26 05:10:00.056700,37,access,server2,unauthorized
2023-04-04 19:46:06.165735,40,logout,file1,authorized
2023-03-06 17:02:06.986490,64,login,server1,authorized
2023-12-09 19:35:20.874260,99,logout,file1,authorized
2023-05-14 08:22:00.278200,61,login,server2,authorized
2023-12-23 07:56:35.593313,42,login,file1,authorized
2023-07-15 20:38:34.314596,71,access,file1,unauthorized
2023-03-22 14:30:24.277361,70,access,server2,authorized
2023-10-19 23:15:31.323462,17,logout,file1,authorized
2023-04-09 08:41:54.040960,49,logout,server1,authorized
2023-01-17 16:50:45.583652,79,logout,file1,authorized
2023-03-13 16:21:09.911649,91,access,server1,unauthorized
2023-01-27 00:12:11.209539,37,logout,file1,authorized
2023-05-20 04:52:11.758288,61,access,server2,authorized
2023-10-25 04:08:45.989501,34,access,file1,authorized
2023-01-13 17:49:52.219972,10,login,file1,unauthorized
2023-04-28 02:28:11.359257,25,logout,server1,unauthorized
2023-12-10 01:11:42.179359,39,logout,server1,authorized
2023-09-18 17:12:00.693700,23,login,server1,authorized
2023-11-16 02:35:35.342975,46,access,server2,unauthorized
2023-05-26 18:29:06.599824,85,logout,server2,unauthorized
2023-11-25 03:12:58.552791,64,logout,file1,unauthorized
2023-10-01 19:48:28.989859,51,login,file1,authorized
2023-06-02 16:39:59.765530,25,access,file2,unauthorized
2023-11-03 12:44:22.267189,31,login,server2,authorized
2023-03-19 19:27:06.606328,6,login,file1,unauthorized
2023-09-20 05:48:41.846055,11,login,file2,authorized
2023-12-27 18:06:42.449672,90,access,file1,unauthorized
2023-04-01 23:24:42.854016,20,logout,server2,authorized
2023-03-02 07:50:14.092412,78,logout,file2,unauthorized
2023-10-03 08:48:52.451665,73,logout,file1,unauthorized
2023-12-10 05:05:47.349317,96,logout,server2,unauthorized
2023-09-19 01:21:42.017037,75,access,server1,unauthorized
2023-01-31 12:31:08.147760,49,login,file2,unauthorized
2023-09-16 07:01:39.794096,3,logout,file2,unauthorized
2023-10-21 10:23:21.714396,5,logout,server2,authorized
2023-09-11 19:55:59.351186,14,logout,server2,authorized
2023-09-15 05:35:02.151914,42,access,file2,unauthorized
2023-08-12 00:07:07.202917,25,access,server2,authorized
2023-03-17 02:33:39.917994,59,access,file1,authorized
2023-10-01 01:54:35.678346,96,logout,file1,authorized
2023-12-12 03:01:18.069204,43,logout,server1,authorized
2023-11-13 10:12:04.601870,46,access,file2,unauthorized
2023-12-16 19:09:55.384926,89,login,server1,authorized
2023-02-21 20:01:32.956352,17,access,server1,unauthorized
2023-03-15 01:31:22.013057,16,access,file1,unauthorized
2023-12-24 14:47:40.535502,25,access,server2,authorized
2023-04-20 09:53:10.822813,45,login,server1,authorized
2023-05-06 18:05:17.974455,53,logout,server1,authorized
2023-08-03 23:15:12.425894,66,logout,file2,authorized
2023-06-05 08:51:15.778577,10,login,file1,unauthorized
2023-08-18 21:15:42.786149,38,logout,server1,authorized
2023-11-23 08:54:06.246678,44,login,server1,unauthorized
2023-01-17 11:47:01.035955,56,logout,server2,authorized
2023-06-09 00:40:58.747135,1,access,server1,authorized
2023-06-24 17:20:56.563534,1,logout,server2,authorized
2023-07-25 06:06:25.434258,80,login,server1,authorized
2023-09-25 00:00:59.468591,84,logout,server1,authorized
2023-12-05 21:56:06.476171,93,login,server2,unauthorized
2023-08-30 22:12:47.883726,27,logout,server2,authorized
2023-03-22 18:17:08.754349,69,login,file2,unauthorized
2023-05-04 10:58:26.485030,28,access,server1,unauthorized
2023-04-13 06:41:29.492276,31,login,server2,unauthorized
2023-12-02 13:46:02.958205,8,login,server1,unauthorized
2023-03-31 06:17:39.179761,47,login,server1,unauthorized
2023-07-04 14:38:30.663966,78,logout,file2,authorized
2023-09-18 16:32:06.225743,4,access,server1,authorized
2023-06-17 14:06:18.167660,27,access,server2,authorized
2023-05-14 11:11:55.249541,69,access,file1,authorized
2023-05-22 01:58:10.457540,92,access,server1,authorized
2023-10-29 23:23:22.277797,23,access,server2,unauthorized
2023-12-16 16:37:35.467449,15,access,file1,authorized
2023-01-20 06:29:09.610191,8,logout,server2,unauthorized
2023-04-29 00:15:27.551946,93,login,file1,authorized
2023-04-16 18:37:12.687966,27,login,file2,unauthorized
2023-07-27 10:19:33.671602,59,login,server1,unauthorized
2023-04-27 14:55:57.406271,33,logout,server1,unauthorized
2023-12-10 17:11:32.144856,64,login,server2,authorized
2023-01-03 00:32:22.892186,85,login,server2,unauthorized
2023-10-16 05:53:08.512661,51,access,file1,authorized
2023-06-19 21:21:20.588384,70,access,file2,authorized
2023-06-18 17:16:07.672437,7,access,file2,unauthorized
2023-01-10 03:46:50.421190,72,login,server2,unauthorized
2023-09-28 23:11:22.010774,41,logout,server1,unauthorized
2023-04-12 19:33:47.556749,77,logout,server1,authorized
2023-04-29 13:45:40.551473,89,login,file2,unauthorized
2023-07-09 02:40:30.915545,52,login,server1,unauthorized
2023-08-26 14:48:43.990614,6,access,server1,authorized
2023-01-03 14:18:01.566418,89,logout,server2,unauthorized
2023-05-02 06:24:21.378818,73,login,server1,unauthorized
2023-01-30 13:50:00.098965,69,access,file2,authorized
2023-12-13 05:03:13.173194,9,login,server2,authorized
2023-04-09 22:43:43.591123,90,access,server1,authorized
2023-07-26 04:27:05.642448,42,logout,file2,authorized
2023-02-18 11:32:46.943991,93,logout,server1,authorized
2023-06-04 12:46:29.630816,31,logout,file2,authorized
2023-11-15 19:05:16.832743,21,logout,file1,authorized
2023-03-14 01:38:46.852106,37,access,file2,unauthorized
2023-09-25 23:12:05.605169,85,logout,server1,authorized
2023-12-03 02:28:44.312948,44,access,file1,unauthorized
2023-08-20 19:11:33.698576,27,login,server2,unauthorized
2023-08-08 13:13:04.854048,23,logout,file1,authorized
2023-04-18 18:12:18.706671,90,access,file2,unauthorized
2023-03-21 09:12:06.680098,33,login,file2,unauthorized
2023-02-23 11:40:02.901372,80,access,server1,authorized
2023-08-24 23:32:22.176504,42,access,file2,unauthorized
2023-08-23 03:15:28.292631,2,access,server1,unauthorized
2023-03-23 16:18:36.456320,68,login,file2,authorized
2023-07-09 05:51:19.198851,89,login,server1,unauthorized
2023-06-05 20:21:05.557778,21,access,server1,authorized
2023-06-29 20:20:32.801975,31,access,server2,authorized
2023-10-10 10:55:25.764961,15,logout,server2,unauthorized
2023-10-16 21:55:44.999366,23,logout,server1,authorized
2023-07-11 17:35:50.758651,20,login,file2,authorized
2023-08-12 21:04:55.576981,76,access,server2,authorized
2023-09-05 06:42:37.369245,36,logout,server2,unauthorized
2023-02-04 00:19:39.667657,9,logout,file1,authorized
2023-09-09 12:36:01.563428,71,logout,file1,authorized
2023-11-09 07:50:42.013260,40,logout,file1,authorized
2023-12-17 01:21:57.565194,15,login,file2,authorized
2023-10-28 06:34:53.857174,91,access,file1,authorized
2023-09-05 06:03:53.158089,25,logout,server2,authorized
2023-10-21 19:07:25.546876,51,logout,file2,authorized
2023-05-26 10:19:45.614360,11,logout,server2,unauthorized
2023-02-24 03:41:21.429575,80,logout,server1,authorized
2023-07-04 14:03:36.510932,90,access,server1,unauthorized
2023-11-21 00:25:23.196874,40,logout,server1,unauthorized
2023-01-20 23:45:40.452729,30,login,file1,authorized
2023-10-27 02:20:15.495608,2,access,server2,authorized
2023-06-08 21:17:53.294752,9,logout,file1,unauthorized
2023-08-21 03:00:58.533524,80,logout,file1,authorized
2023-06-13 21:06:49.934469,87,access,file2,authorized
2023-01-23 21:27:48.855289,9,logout,file2,authorized
2023-08-01 00:14:12.775709,4,login,file1,unauthorized
2023-08-09 02:40:34.002362,69,logout,server2,unauthorized
2023-10-26 04:47:24.533409,78,access,server1,authorized
2023-05-13 21:11:47.513314,48,logout,file1,authorized
2023-08-25 10:22:34.624450,98,access,file1,unauthorized
2023-08-10 03:01:55.800184,99,access,file1,unauthorized
2023-10-12 15:15:06.801701,3,logout,server2,authorized
2023-10-31 23:07:49.806909,51,logout,file1,authorized
2023-06-08 03:51:04.465947,45,login,server1,authorized
2023-05-02 02:02:48.246942,99,logout,server1,unauthorized
2023-12-19 14:00:14.567164,45,access,file2,unauthorized
2023-02-13 09:55:31.376678,47,access,file2,authorized
2023-03-14 08:20:47.647014,92,logout,file2,unauthorized
2023-07-31 08:54:16.005604,42,logout,server1,authorized
2023-11-29 06:01:37.168392,9,access,file2,authorized
2023-01-02 23:58:57.848528,15,login,file1,unauthorized
2023-07-17 20:35:02.927857,31,login,file2,unauthorized
2023-11-11 15:14:13.770298,37,logout,server2,authorized
2023-02-24 21:43:24.239175,48,logout,file1,unauthorized
2023-06-22 16:19:00.567731,62,access,file2,authorized
2023-05-24 02:48:54.080868,36,access,server2,unauthorized
2023-09-06 08:48:52.996157,27,logout,file2,authorized
2023-01-01 04:49:16.547283,12,logout,file2,unauthorized
2023-01-30 12:34:04.802146,20,login,server2,unauthorized
2023-08-18 09:32:02.956177,55,login,server1,unauthorized
2023-08-27 01:58:08.957418,86,access,server1,unauthorized
2023-01-06 05:14:27.272929,26,login,file2,unauthorized
2023-09-28 15:59:41.097518,6,login,file2,authorized
2023-01-16 10:44:06.715272,11,login,file2,authorized
2023-04-23 21:07:45.186187,53,login,server1,authorized
2023-04-14 18:26:31.986225,2,access,server1,authorized
2023-11-13 08:35:56.469805,50,logout,server2,authorized
2023-08-23 22:35:32.563046,78,login,file1,unauthorized
2023-06-20 21:18:41.906821,5,access,server2,authorized
2023-12-08 21:51:52.590971,39,login,file1,unauthorized
2023-06-20 12:19:25.574328,33,logout,server2,unauthorized
2023-01-18 04:19:56.095772,44,access,server2,unauthorized
2023-02-17 17:57:46.369808,62,access,file2,unauthorized
2023-07-10 01:00:35.375643,1,access,file2,unauthorized
2023-12-20 19:14:51.899726,43,login,file1,authorized
2023-08-06 21:23:48.996812,81,login,file2,unauthorized
2023-02-08 23:03:35.609028,98,access,server2,unauthorized
2023-06-06 13:11:55.105742,84,access,server2,authorized
2023-03-28 17:14:51.478079,1,login,file2,authorized
2023-11-08 06:53:52.020222,11,login,file2,unauthorized
2023-05-18 08:10:12.023854,80,login,server1,authorized
2023-11-19 04:30:41.362825,41,logout,server1,unauthorized
2023-01-18 16:09:01.270273,92,login,file1,authorized
2023-12-04 09:47:33.440987,38,login,file2,unauthorized
2023-02-18 14:27:02.583995,64,logout,file2,authorized
2023-10-19 05:28:50.215961,53,access,server2,unauthorized
2023-03-26 17:51:24.206405,59,login,file2,unauthorized
2023-01-12 04:20:29.577850,69,login,file1,authorized
2023-11-19 03:50:29.860262,21,logout,file1,authorized
2023-11-20 22:40:23.100084,77,login,file1,unauthorized
2023-12-01 23:48:27.321377,10,logout,file2,authorized
2023-01-12 17:33:44.533041,52,logout,file2,authorized
2023-08-31 06:12:02.060335,94,login,file1,authorized
2023-06-14 08:19:28.481388,22,logout,file2,unauthorized
2023-09-25 12:51:43.409436,13,access,file1,authorized
2023-05-16 02:07:31.213664,21,logout,server1,authorized
2023-10-07 10:43:03.306836,3,login,file1,authorized
2023-09-16 01:35:30.058237,15,logout,server2,unauthorized
2023-02-02 11:40:56.806654,40,login,file1,authorized
2023-05-13 17:11:31.816478,57,access,server2,unauthorized
2023-05-31 03:31:31.093396,16,logout,file1,unauthorized
2023-03-06 21:38:09.373206,3,access,file1,unauthorized
2023-05-05 14:56:23.935926,55,access,file1,unauthorized
2023-03-25 09:16:20.308755,67,logout,server2,authorized
2023-05-26 04:14:29.394688,43,access,server2,authorized
2023-02-08 10:36:09.433297,75,login,file2,authorized
2023-04-12 17:04:46.055216,48,logout,file1,authorized
2023-09-28 02:53:11.114056,23,logout,file1,authorized
2023-04-30 12:18:16.675605,88,login,file1,unauthorized
2023-04-06 06:26:38.898458,91,login,file1,unauthorized
2023-03-30 19:55:23.759555,71,access,file2,unauthorized
2023-10-22 23:05:08.501859,39,login,file1,authorized
2023-02-07 06:01:02.353870,84,login,server1,unauthorized
2023-02-05 04:34:52.736657,25,access,server2,unauthorized
2023-08-02 09:55:27.232049,77,access,file1,authorized
2023-01-17 13:17:51.339688,39,login,file1,unauthorized
2023-01-11 10:09:00.411447,17,login,file1,authorized
2023-04-24 12:04:24.341915,84,access,server2,unauthorized
2023-09-16 10:58:56.854056,18,login,file2,unauthorized
2023-10-31 05:50:50.800244,90,access,file1,authorized
2023-05-27 00:23:59.265196,33,access,server2,authorized
2023-06-17 09:27:13.340175,46,logout,file2,unauthorized
2023-09-14 07:29:32.055649,90,login,server2,unauthorized
2023-01-30 15:50:37.024120,10,login,server2,authorized
2023-01-20 15:25:00.380762,61,access,server2,authorized
2023-09-12 07:24:58.956012,79,logout,file1,authorized
2023-09-01 12:51:00.551944,92,access,file1,unauthorized
2023-07-06 02:51:31.437912,29,logout,server2,authorized
2023-10-07 07:50:11.510152,47,logout,server1,unauthorized
2023-01-17 03:47:28.477333,66,login,server2,authorized
2023-09-24 03:28:44.422304,62,login,server2,unauthorized
2023-06-13 10:39:49.239945,4,login,file2,authorized
2023-10-25 16:30:28.999374,41,login,file1,unauthorized
2023-06-16 19:45:32.159822,7,login,server2,authorized
2023-06-27 13:20:54.748015,86,access,server2,unauthorized
2023-01-01 20:03:57.535733,43,logout,file1,authorized
2023-06-29 13:15:07.971844,33,access,server2,unauthorized
2023-06-05 05:57:58.104906,15,login,server1,unauthorized
2023-02-19 01:21:23.399045,36,access,file2,authorized
2023-03-29 18:39:22.120989,80,logout,file1,authorized
2023-08-15 23:36:30.999124,80,logout,server2,unauthorized
2023-05-08 18:05:42.643697,41,login,file1,unauthorized
2023-06-15 08:27:09.674894,17,logout,file1,unauthorized
2023-10-25 13:54:08.509531,45,login,file2,unauthorized
2023-07-04 18:40:07.897652,56,logout,server2,unauthorized
2023-05-20 14:50:57.283487,83,login,file2,authorized
2023-06-24 12:17:48.341842,43,logout,file1,unauthorized
2023-09-09 01:56:26.403953,60,login,server1,unauthorized
2023-04-21 03:28:47.397224,81,login,file1,authorized
2023-10-04 18:11:31.809964,80,access,file2,authorized
2023-11-18 18:57:30.207089,37,login,file1,authorized
2023-10-14 10:37:17.636501,69,logout,server1,unauthorized
2023-11-22 23:23:33.413076,51,logout,server2,authorized
2023-05-29 15:44:30.802225,72,access,file1,authorized
2023-11-25 04:09:43.984409,53,access,file2,unauthorized
2023-06-02 23:33:26.220300,3,login,file1,unauthorized
2023-04-21 03:10:27.785573,41,logout,file2,authorized
2023-10-13 12:23:16.933414,3,login,server2,authorized
2023-05-06 17:08:05.779254,8,login,file2,authorized
2023-02-11 20:41:33.678601,43,logout,server1,authorized
2023-07-01 15:26:41.155262,57,access,server1,unauthorized
2023-08-22 20:19:53.514669,26,access,server2,authorized
2023-02-11 00:53:44.196713,79,logout,server2,unauthorized
2023-06-25 04:53:35.074593,25,login,file2,authorized
2023-09-15 21:12:56.946383,50,login,file1,unauthorized
2023-02-21 14:58:23.010200,56,access,server1,authorized
2023-04-08 15:46:58.242060,96,logout,file1,unauthorized
2023-06-19 11:32:20.482153,68,login,server2,authorized
2023-09-16 07:01:19.760661,93,access,server1,unauthorized
2023-05-07 15:35:59.108017,68,login,file1,unauthorized
2023-12-09 00:27:06.691925,49,access,file1,authorized
2023-03-26 05:46:12.365274,15,logout,server1,unauthorized
2023-11-22 19:23:21.679112,35,access,file1,unauthorized
2023-05-04 02:54:16.867320,62,login,file2,authorized
2023-08-06 07:35:15.288678,2,access,file2,unauthorized
2023-09-05 22:28:34.252709,45,login,file2,unauthorized
2023-12-21 17:52:41.616914,36,login,file1,authorized
2023-06-02 21:41:47.040593,58,access,server1,authorized
2023-05-22 10:23:23.811350,95,access,server2,unauthorized
2023-10-14 05:58:03.558490,58,logout,server2,authorized
2023-08-13 19:10:00.859349,28,logout,server1,authorized
2023-12-11 03:01:16.150898,88,login,server2,authorized
2023-03-14 17:52:52.732628,83,logout,file2,unauthorized
2023-04-03 13:14:01.239750,44,login,server1,unauthorized
2023-01-27 23:33:01.872808,21,access,file2,authorized
2023-05-07 16:21:43.274362,49,login,server1,authorized
2023-02-06 06:14:04.365044,26,access,file2,unauthorized
2023-07-03 04:58:31.504986,58,logout,server1,unauthorized
2023-10-11 16:14:23.198537,17,access,server2,authorized
2023-03-23 18:20:04.864761,10,login,file2,unauthorized
2023-06-14 14:08:21.201371,97,access,server2,unauthorized
2023-12-06 14:21:04.663374,1,logout,file1,unauthorized
2023-04-28 09:33:41.212635,65,logout,file2,unauthorized
2023-08-18 08:25:05.454393,66,logout,file2,unauthorized
2023-07-04 20:05:54.058398,28,login,server1,unauthorized
2023-08-29 18:58:55.865978,32,access,file1,unauthorized
2023-06-18 17:04:47.376318,46,logout,server2,authorized
2023-12-08 03:38:47.514258,19,access,server2,authorized
2023-08-05 20:33:46.763241,75,logout,file2,authorized
2023-04-28 19:36:07.042377,57,access,file2,unauthorized
2023-11-05 13:10:23.239423,88,login,file1,unauthorized
2023-11-20 15:26:26.058527,1,logout,file1,authorized
2023-12-17 04:24:41.963077,99,login,server2,authorized
2023-08-19 11:39:01.039148,71,login,server1,unauthorized
2023-02-20 11:43:02.652378,9,access,file2,authorized
2023-12-08 01:17:38.756611,14,login,file1,authorized
2023-11-26 12:59:16.711820,58,login,file1,authorized
2023-06-10 08:36:55.862084,68,access,server2,unauthorized
2023-03-23 21:29:13.493637,32,login,file1,unauthorized
2023-11-26 17:01:22.762732,11,logout,file1,authorized
2023-09-09 20:58:50.889193,40,login,file2,unauthorized
2023-11-29 19:31:22.429873,45,logout,file1,unauthorized
2023-06-03 18:57:51.618478,63,login,file2,unauthorized
2023-07-03 23:08:09.661612,27,login,server1,authorized
2023-03-22 15:17:51.725547,55,access,file1,unauthorized
2023-09-23 20:29:50.144575,95,access,server2,unauthorized
2023-06-19 20:01:50.078919,11,access,file1,unauthorized
2023-07-31 03:40:48.558218,52,logout,file1,authorized
2023-09-15 01:38:45.358474,30,login,server1,authorized
2023-05-27 12:38:04.741641,47,logout,file2,authorized
2023-05-28 17:36:21.453219,36,login,server1,unauthorized
2023-03-26 03:06:52.946254,85,logout,file1,authorized
2023-04-11 20:28:54.071677,47,access,file1,unauthorized
2023-01-31 17:59:18.563990,61,logout,server1,authorized
2023-10-14 07:08:29.745865,71,access,server1,authorized
2023-10-07 13:13:17.745564,35,login,server2,authorized
2023-02-26 21:18:28.069356,8,logout,file1,unauthorized
2023-01-29 16:42:19.240570,55,logout,file1,authorized
2023-11-09 14:26:29.040063,70,access,server2,unauthorized
2023-04-26 22:26:47.555565,41,login,server1,unauthorized
2023-10-04 04:49:35.925012,18,logout,server1,authorized
2023-09-26 05:03:09.390577,70,login,file1,authorized
2023-05-27 03:06:35.849871,19,logout,file1,authorized
2023-08-29 06:09:30.004956,4,login,server1,authorized
2023-09-28 23:47:47.090032,94,logout,file2,authorized
2023-05-14 12:19:43.307958,14,logout,server1,authorized
2023-11-27 00:05:52.612304,33,login,file2,unauthorized
2023-11-05 11:44:37.086325,61,access,file2,unauthorized
2023-11-27 16:23:02.983344,1,login,file2,authorized
2023-05-18 19:58:10.632320,35,logout,file1,authorized
2023-01-03 16:02:13.937574,51,access,file1,unauthorized
2023-11-10 00:01:02.975029,57,login,file2,unauthorized
2023-06-25 15:34:58.569826,92,logout,file2,unauthorized
2023-11-02 14:22:05.829991,11,login,server2,authorized
2023-11-16 18:01:38.373640,45,logout,server1,authorized
2023-12-24 02:21:00.733938,29,login,file1,authorized
2023-02-26 03:38:29.863500,97,login,server1,authorized
2023-04-12 05:59:35.687225,95,logout,server2,unauthorized
2023-05-08 23:29:13.815410,4,access,file1,unauthorized
2023-09-30 17:30:18.177214,66,access,file1,authorized
2023-05-13 02:05:23.921900,61,login,server1,unauthorized
2023-06-10 20:37:45.830227,28,access,file1,authorized
2023-08-28 09:54:41.302816,73,access,file1,authorized
2023-04-16 07:55:39.915929,92,logout,server2,authorized
2023-10-01 22:01:59.022576,79,login,server2,unauthorized
2023-08-16 09:51:03.263453,90,logout,server1,authorized
2023-10-16 20:10:19.947357,69,login,file2,unauthorized
2023-02-01 22:09:44.017663,54,login,server2,authorized
2023-11-11 23:08:51.866681,77,access,server2,authorized
2023-10-23 18:13:57.776544,47,access,server2,authorized
2023-04-22 01:50:43.648713,40,access,server1,authorized
2023-10-11 17:03:41.125472,22,access,file2,authorized
2023-09-04 20:45:21.178187,39,login,server1,unauthorized
2023-02-07 06:54:42.552937,72,logout,server1,authorized
2023-04-28 05:31:12.430623,33,login,server2,authorized
2023-03-07 14:26:08.465940,50,login,file2,authorized
2023-04-06 05:40:04.943905,10,logout,file1,authorized
2023-07-12 22:56:37.989779,13,logout,server2,authorized
2023-08-10 12:06:07.897161,15,login,server1,unauthorized
2023-12-07 19:05:11.077044,91,access,file1,unauthorized
2023-09-28 00:13:07.676420,86,access,file1,authorized
2023-04-22 03:04:31.698260,12,login,server2,unauthorized
2023-08-25 19:18:37.381505,27,access,server2,unauthorized
2023-05-26 05:12:46.368294,20,logout,file1,unauthorized
2023-06-01 08:38:30.694255,88,login,file1,authorized
2023-03-09 02:02:30.837379,67,login,file2,authorized
2023-10-15 14:31:59.359864,59,login,server1,unauthorized
2023-07-29 13:58:22.279544,43,login,server2,unauthorized
2023-08-06 01:46:40.530000,31,logout,server2,authorized
2023-09-01 08:53:11.910140,90,login,server2,unauthorized
2023-04-14 01:57:13.735530,89,login,file1,authorized
2023-03-31 05:09:32.071352,43,logout,server1,unauthorized
2023-11-30 05:01:04.468153,13,logout,server1,authorized
2023-02-13 13:12:28.224432,50,access,server1,unauthorized
2023-01-26 08:32:41.647243,69,logout,file2,authorized
2023-10-27 06:16:59.360005,31,login,server1,authorized
2023-04-27 20:57:02.856757,21,login,server1,authorized
2023-10-11 22:44:51.094342,99,access,file1,authorized
2023-04-10 00:21:46.995796,11,access,file1,authorized
2023-09-22 01:53:42.055077,49,access,server1,authorized
2023-03-30 13:17:06.628828,65,login,server1,authorized
2023-08-05 23:23:06.432941,82,access,file2,authorized
2023-12-27 12:23:29.464053,85,logout,server1,authorized
2023-03-06 08:02:21.120469,89,logout,server1,unauthorized
2023-03-05 19:52:46.900914,63,access,file2,authorized
2023-12-06 00:57:59.219131,32,logout,file2,authorized
2023-08-04 12:10:53.378628,97,access,file2,unauthorized
2023-05-12 07:59:50.559046,6,login,server1,authorized
2023-12-12 23:35:48.000232,10,access,file1,unauthorized
2023-01-07 08:25:53.619431,44,logout,server2,unauthorized
2023-07-17 12:29:01.966774,48,logout,server2,unauthorized
2023-04-08 01:17:50.752606,2,logout,file2,unauthorized
2023-01-04 20:54:52.553846,5,logout,server1,unauthorized
2023-09-12 05:17:37.883006,80,access,server2,unauthorized
2023-12-14 12:20:54.731281,23,login,server1,authorized
2023-05-28 11:47:40.056589,49,login,server2,unauthorized
2023-02-11 05:20:15.913593,40,login,server2,unauthorized
2023-06-04 15:19:39.142081,4,login,file1,authorized
2023-01-21 23:26:39.153746,78,login,file1,authorized
2023-04-25 22:35:28.197113,56,logout,file1,authorized
2023-07-03 03:04:24.983364,29,access,file2,authorized
2023-02-02 04:33:17.064904,65,login,server1,authorized
2023-09-27 22:55:07.767631,36,login,server2,unauthorized
2023-07-20 07:30:04.242387,50,logout,server1,authorized
2023-05-09 00:01:42.659811,63,access,server2,unauthorized
2023-03-10 13:32:23.927092,95,logout,file2,unauthorized
2023-04-25 07:08:42.184310,29,login,server2,unauthorized
2023-04-10 23:34:30.233794,69,access,server1,unauthorized
2023-07-31 19:58:24.949540,99,login,file2,authorized
2023-02-27 16:43:07.761080,39,login,file2,authorized
2023-07-01 08:28:02.116761,73,logout,server2,authorized
2023-09-03 22:44:04.630853,51,login,file2,authorized
2023-05-23 03:43:24.833605,86,login,file2,unauthorized
2023-08-30 16:54:05.664155,53,access,file2,unauthorized
2023-11-04 09:22:52.485068,63,login,server2,authorized
2023-05-09 15:45:49.686953,30,login,server2,authorized
2023-02-21 22:42:51.862558,25,access,server1,authorized
2023-07-22 10:43:10.390739,27,login,file2,unauthorized
2023-12-12 20:11:43.461654,26,access,server2,unauthorized
2023-07-25 07:24:29.120872,66,login,file1,unauthorized
2023-03-31 21:06:00.667331,56,login,file1,unauthorized
2023-12-14 07:09:23.934483,26,login,server1,authorized
2023-05-04 07:38:45.713777,19,login,server2,authorized
2023-10-30 21:07:02.925239,37,login,server1,unauthorized
2023-07-18 05:35:19.758334,26,logout,file2,authorized
2023-05-11 05:09:20.290924,58,login,file1,unauthorized
2023-10-05 23:18:22.448924,41,access,file1,authorized
2023-07-18 08:03:10.994346,6,logout,server2,authorized
2023-02-14 12:06:48.074266,7,login,file2,unauthorized
2023-01-25 10:01:53.177730,44,logout,file2,unauthorized
2023-11-10 07:32:48.484875,55,access,server2,authorized
2023-05-28 16:14:37.448705,53,access,file2,unauthorized
2023-09-13 18:40:52.366836,2,login,file2,unauthorized
2023-09-30 10:35:52.872847,69,logout,file1,unauthorized
2023-12-16 23:29:18.605250,74,access,file1,unauthorized
2023-06-26 04:51:45.502846,64,access,file1,unauthorized
2023-03-26 14:09:05.328051,23,logout,server2,authorized
2023-09-04 14:41:21.580853,51,logout,server2,authorized
2023-10-15 07:44:19.694557,77,login,server2,authorized
2023-01-27 13:08:52.823166,5,logout,file1,authorized
2023-10-13 19:02:39.139198,15,login,server2,unauthorized
2023-03-26 18:04:02.008483,67,access,file2,authorized
2023-07-13 04:42:54.971933,1,access,server1,authorized
2023-08-17 16:03:35.605709,31,logout,server2,authorized
2023-12-17 06:15:20.349948,62,access,file2,authorized
2023-11-27 15:36:29.103041,9,login,file2,authorized
2023-10-28 00:22:11.817787,38,access,file2,unauthorized
2023-07-01 21:02:46.857148,43,access,server1,unauthorized
2023-01-15 21:46:35.162571,89,access,file1,unauthorized
2023-09-13 19:59:15.367050,18,login,file2,authorized
2023-06-04 17:40:24.459092,85,login,file1,authorized
2023-02-26 17:30:05.605691,29,login,server2,authorized
2023-10-17 11:43:40.132149,15,login,file2,unauthorized
2023-10-31 15:45:34.454045,98,access,server2,unauthorized
2023-06-02 15:33:33.612983,91,login,file2,unauthorized
2023-02-26 11:47:42.316823,1,login,file2,authorized
2023-02-21 06:53:58.461351,34,logout,server2,unauthorized
2023-02-26 18:45:26.921679,13,logout,server2,authorized
2023-11-15 15:15:42.729723,14,access,file1,authorized
2023-07-03 22:58:30.496107,82,logout,server1,unauthorized
2023-09-01 01:00:44.782724,68,access,server2,authorized
2023-08-14 21:12:11.632841,82,access,file1,unauthorized
2023-03-09 05:25:30.834807,78,login,server1,authorized
2023-07-30 17:13:32.087368,71,access,file1,authorized
2023-07-27 00:12:04.465194,57,logout,server1,authorized
2023-12-27 00:21:10.894192,63,logout,server1,unauthorized
2023-12-27 11:05:03.247455,65,access,server2,unauthorized
2023-08-11 02:15:44.455666,14,access,file2,authorized
2023-03-07 20:16:21.317976,55,access,server1,unauthorized
2023-07-18 05:22:10.140797,30,login,server2,unauthorized
2023-01-17 20:30:41.989529,32,access,file2,authorized
2023-10-19 11:39:19.455665,26,login,file2,authorized
2023-02-06 04:03:11.515863,47,logout,file2,authorized
2023-10-19 03:42:04.518307,28,access,server1,authorized
2023-08-09 17:41:10.059302,39,access,file1,authorized
2023-03-27 10:40:54.325949,88,login,file2,unauthorized
2023-09-29 03:50:07.669368,70,access,file2,authorized
2023-11-23 12:34:17.334848,48,login,server2,unauthorized
2023-12-19 14:52:10.805646,97,access,file1,authorized
2023-05-10 12:24:16.093307,3,access,server2,authorized
2023-05-25 14:32:13.894927,86,access,server1,authorized
2023-12-15 01:31:21.074866,50,login,file1,unauthorized
2023-06-24 00:43:57.362234,11,login,server1,authorized
2023-11-20 12:20:27.603090,75,login,server1,unauthorized
2023-02-26 21:16:32.627034,99,logout,file1,unauthorized
2023-06-04 11:14:08.640914,73,access,file1,unauthorized
2023-08-27 01:47:04.095321,25,access,file1,unauthorized
2023-12-08 14:16:54.931931,98,access,file1,authorized
2023-11-12 22:00:14.900370,62,logout,server1,authorized
2023-09-12 11:37:28.849565,71,logout,server2,unauthorized
2023-05-30 19:24:00.766298,53,logout,file1,unauthorized
2023-10-02 04:45:56.579359,69,access,file1,authorized
2023-02-21 17:38:51.573375,57,logout,file2,unauthorized
2023-10-03 16:06:39.394939,48,access,server2,unauthorized
2023-09-25 09:37:14.107335,92,access,server1,authorized
2023-07-07 15:05:09.694709,78,logout,server1,authorized
2023-05-23 17:33:37.387391,37,access,server2,authorized
2023-04-29 13:25:31.031819,66,login,server1,authorized
2023-05-07 09:56:26.746319,74,logout,file1,unauthorized
2023-06-23 17:46:55.432131,47,login,server1,authorized
2023-12-11 18:19:08.975794,39,login,file1,authorized
2023-04-16 22:52:16.844512,5,access,file2,authorized
2023-10-16 11:01:11.898222,79,access,server2,unauthorized
2023-11-26 05:33:55.284211,84,logout,server1,authorized
2023-03-25 07:50:45.088188,12,logout,server1,unauthorized
2023-07-15 03:12:37.098999,62,login,server2,unauthorized
2023-08-21 11:07:53.440323,16,login,file1,authorized
2023-10-05 02:55:50.831340,11,logout,file1,authorized
2023-07-05 02:13:38.752497,4,access,file1,unauthorized
2023-09-03 04:47:42.078633,6,logout,server2,authorized
2023-01-30 19:51:40.622206,81,access,file2,authorized
2023-12-04 21:38:17.638949,27,logout,file1,unauthorized
2023-05-25 05:02:54.198625,52,logout,file2,authorized
2023-07-27 17:54:20.451497,46,logout,file2,authorized
2023-04-03 19:23:01.005828,54,access,server2,authorized
2023-08-25 13:51:31.753453,52,logout,file1,authorized
2023-07-16 18:01:16.307439,96,logout,server1,unauthorized
2023-01-18 15:01:05.929741,99,logout,server2,unauthorized
2023-12-25 13:38:07.139066,5,logout,server2,authorized
2023-11-17 17:21:46.098910,19,logout,server2,authorized
2023-10-30 02:01:30.643519,36,logout,server2,unauthorized
2023-12-14 02:30:42.375832,9,access,server2,authorized
2023-11-17 04:43:11.204119,17,logout,server2,unauthorized
2023-08-15 15:19:18.490569,59,login,server1,authorized
2023-06-05 00:58:14.541536,49,login,file1,unauthorized
2023-12-07 07:22:10.026562,73,access,server1,authorized
2023-04-13 15:11:57.667481,66,login,server2,unauthorized
2023-05-09 04:18:02.330687,65,logout,file2,authorized
2023-09-26 04:49:31.361560,89,logout,server2,unauthorized
2023-03-14 07:28:38.484524,72,logout,file1,unauthorized
2023-05-25 16:41:32.065001,17,login,server1,authorized
2023-04-24 04:08:42.414806,94,logout,server1,authorized
2023-02-11 20:32:31.871722,93,access,server2,unauthorized
2023-02-02 14:09:04.869500,42,login,file2,authorized
2023-06-14 01:51:26.706363,42,logout,file2,authorized
2023-10-05 10:18:12.750688,81,access,server1,unauthorized
2023-04-15 02:39:11.274882,64,login,server2,authorized
2023-11-23 05:16:01.757015,9,login,server2,authorized
2023-09-08 16:34:45.777446,84,access,server1,unauthorized
2023-06-02 00:24:39.229145,92,access,server2,authorized
2023-07-25 04:07:14.454057,88,login,server1,unauthorized
2023-04-12 13:24:01.457762,7,login,file2,authorized
2023-10-06 07:34:51.897592,42,logout,file2,unauthorized
2023-11-22 22:32:06.667367,29,logout,file1,authorized
2023-05-20 03:50:08.817731,25,logout,file1,unauthorized
2023-07-01 07:39:31.940804,77,login,file1,authorized
2023-06-27 18:37:32.712042,27,access,server2,authorized
2023-07-25 20:02:58.028451,63,login,server1,unauthorized
2023-06-19 18:16:30.467464,24,logout,file1,unauthorized
2023-06-24 17:37:44.562177,73,logout,server1,authorized
2023-05-16 11:01:41.118745,17,login,server1,unauthorized
2023-12-07 05:34:26.039712,66,login,server2,authorized
2023-06-13 23:33:52.541039,49,logout,file1,unauthorized
2023-03-12 12:22:15.745116,86,logout,server1,authorized
2023-05-26 09:41:57.683019,75,logout,server2,unauthorized
2023-06-17 19:15:40.186495,35,logout,file1,unauthorized
2023-11-24 23:34:07.419089,96,logout,server1,unauthorized
2023-11-13 13:03:05.206550,11,login,server2,unauthorized
2023-02-26 01:42:26.109549,70,logout,file2,authorized
2023-10-29 03:54:29.443702,65,logout,file2,authorized
2023-06-15 11:41:10.695087,60,logout,server2,unauthorized
2023-01-07 18:52:07.902832,34,access,server1,authorized
2023-10-22 01:22:51.191159,49,logout,file1,unauthorized
2023-11-11 09:39:39.050613,88,access,server1,authorized
2023-07-23 14:23:03.858043,8,access,file2,authorized
2023-07-14 03:25:03.540927,90,logout,file2,authorized
2023-11-03 16:38:45.567908,32,login,file2,authorized
2023-02-18 13:37:32.042137,35,login,server2,authorized
2023-05-15 01:49:12.769052,95,access,server2,unauthorized
2023-01-03 08:02:07.686472,51,access,file2,authorized
2023-01-22 22:15:52.546727,17,login,file1,unauthorized
2023-01-13 00:27:31.690237,85,access,file1,unauthorized
2023-06-07 02:43:30.202351,22,access,server2,unauthorized
2023-06-19 23:02:16.600850,96,logout,file2,unauthorized
2023-07-30 10:09:28.665771,81,access,server2,unauthorized
2023-10-11 16:09:50.795215,5,login,file1,unauthorized
2023-12-25 04:30:42.478287,9,access,file1,unauthorized
2023-03-12 00:19:29.714134,30,access,server1,unauthorized
2023-06-29 22:43:25.038377,67,access,server1,unauthorized
2023-11-28 14:25:05.376152,22,access,file1,unauthorized
2023-09-20 00:55:39.110124,55,logout,file2,unauthorized
2023-04-09 14:22:42.655496,14,login,server1,unauthorized
2023-12-19 11:06:02.924836,42,access,file2,authorized
2023-05-24 14:44:56.384606,48,logout,file1,authorized
2023-04-28 08:18:50.551173,12,logout,file2,authorized
2023-11-20 02:28:44.514506,68,logout,server2,authorized
2023-09-27 04:04:16.814077,34,login,file2,unauthorized
2023-07-11 23:47:14.908004,41,logout,file1,unauthorized
2023-03-29 23:52:21.038321,14,logout,server2,authorized
2023-10-28 03:40:27.818263,64,logout,file1,unauthorized
2023-12-03 17:08:49.431289,74,logout,server1,unauthorized
2023-01-07 08:03:58.216058,63,access,server2,unauthorized
2023-04-29 12:04:50.709021,33,access,server1,authorized
2023-05-27 21:53:32.308508,62,login,file2,unauthorized
2023-07-25 13:20:31.380478,58,login,server1,unauthorized
2023-03-21 00:39:58.337452,86,access,server2,unauthorized
2023-08-27 03:58:56.284163,93,logout,file2,unauthorized
2023-03-09 02:37:37.386597,15,login,server1,unauthorized
2023-03-15 04:32:15.929439,65,access,file2,authorized
2023-02-23 03:24:36.199448,70,login,file1,unauthorized
2023-05-31 02:45:37.259205,61,login,server1,authorized
2023-02-14 12:18:00.577515,19,access,server1,unauthorized
2023-06-19 02:15:16.149647,35,login,file2,authorized
2023-08-01 20:16:32.058450,37,login,file1,authorized
2023-09-03 17:05:28.955013,63,login,server2,unauthorized
2023-07-28 06:23:37.334652,76,logout,file1,unauthorized
2023-07-18 04:32:35.020612,24,login,file1,unauthorized
2023-06-14 23:34:34.954276,36,logout,file2,authorized
2023-04-13 15:18:06.980971,65,logout,server2,authorized
2023-01-29 18:56:28.606840,7,login,file2,unauthorized
2023-07-19 09:17:37.273279,77,logout,server1,authorized
2023-08-31 11:21:23.623924,36,logout,file2,unauthorized
2023-11-23 16:44:01.702461,92,login,file2,unauthorized
2023-02-24 16:12:20.750825,70,login,server1,unauthorized
2023-11-01 06:16:37.808392,73,access,file2,authorized
2023-05-28 09:41:25.381198,39,logout,server2,authorized
2023-03-31 22:42:48.274074,57,access,file2,authorized
2023-02-01 20:46:51.507126,8,logout,file1,unauthorized
2023-02-05 10:31:57.343097,45,access,server2,unauthorized
2023-02-09 04:03:40.951145,74,access,file2,authorized
2023-01-02 17:41:29.111309,48,access,server2,unauthorized
2023-10-09 01:41:09.631990,88,login,file1,authorized
2023-12-20 16:12:20.838027,61,logout,file1,unauthorized
2023-09-07 08:05:29.189858,45,logout,server2,unauthorized
2023-05-24 22:28:30.860116,70,access,server1,authorized
2023-04-15 00:52:15.795398,75,login,file2,unauthorized
2023-01-17 03:26:44.022883,21,logout,server1,authorized
2023-07-06 20:04:16.061392,22,logout,file2,unauthorized
2023-04-23 00:07:56.123072,31,login,server2,unauthorized
2023-09-22 17:49:12.385037,31,access,file2,authorized
2023-05-15 13:31:46.021027,61,access,file1,unauthorized
2023-11-14 14:55:01.867533,76,logout,server1,unauthorized
2023-05-29 21:31:58.712533,11,logout,server1,authorized
2023-08-02 06:02:43.010053,44,login,file1,unauthorized
2023-04-23 02:43:46.706951,56,login,server2,authorized
2023-05-28 04:07:33.280851,62,login,server1,unauthorized
2023-10-11 15:15:42.770576,67,access,server2,authorized
2023-04-02 03:12:10.034826,41,logout,file2,unauthorized
2023-03-22 14:26:10.500220,32,logout,server1,unauthorized
2023-09-11 13:19:37.368633,2,logout,server1,unauthorized
2023-10-03 18:13:00.029768,39,logout,server2,authorized
2023-06-15 11:55:13.203012,92,logout,file1,unauthorized
2023-09-04 13:58:49.404185,35,access,server2,unauthorized
2023-05-31 23:03:08.967797,52,logout,file1,unauthorized
2023-09-23 19:19:05.560441,15,login,server2,unauthorized
2023-02-22 12:54:01.876452,27,logout,server2,authorized
2023-03-11 19:59:16.695666,78,logout,server1,authorized
2023-01-29 09:40:31.517457,68,login,server2,unauthorized
2023-02-01 16:53:43.767653,18,login,file2,unauthorized
2023-03-28 03:49:42.727876,70,login,server1,authorized
2023-03-28 08:40:58.046018,96,logout,file1,authorized
2023-01-13 06:09:05.092016,1,logout,file1,unauthorized
2023-12-21 15:55:21.712334,76,login,server1,authorized
2023-04-16 23:20:53.745340,30,logout,file1,authorized
2023-05-06 12:06:28.466646,92,login,file1,authorized
2023-08-03 23:58:02.667544,82,access,server2,unauthorized
2023-04-16 03:02:29.892614,15,access,file2,unauthorized
2023-11-03 14:58:29.832730,4,access,file2,authorized
2023-12-30 19:21:14.169282,45,logout,file2,authorized
2023-02-04 01:31:02.752597,35,login,file2,unauthorized
2023-03-30 16:50:42.536007,78,logout,server2,authorized
2023-02-04 08:06:30.186978,15,logout,server2,authorized
2023-05-10 11:27:20.898017,96,access,server1,authorized
2023-12-07 08:07:30.701920,19,logout,server2,authorized
2023-03-28 21:06:17.066913,76,access,file1,unauthorized
2023-11-13 23:13:50.932426,92,access,file2,authorized
2023-05-12 01:29:39.211577,32,logout,server1,unauthorized
2023-06-17 21:31:22.645776,24,access,server2,authorized
2023-04-05 14:51:46.791545,95,access,file2,unauthorized
2023-05-05 06:53:57.572789,84,access,server2,authorized
2023-08-22 17:51:33.679039,35,login,server1,authorized
2023-08-11 13:21:13.608321,8,login,server1,authorized
2023-08-06 15:54:55.017432,54,access,server2,authorized
2023-12-15 10:11:27.268743,85,access,file1,unauthorized
2023-12-23 07:30:34.869449,74,login,file2,authorized
2023-02-19 16:16:50.922131,56,access,server1,unauthorized
2023-11-14 13:59:04.813422,42,logout,server1,unauthorized
2023-12-29 13:37:29.380647,20,access,file1,authorized
2023-06-08 09:20:37.855456,25,logout,server2,authorized
2023-12-15 06:57:05.979900,40,access,file2,authorized
2023-07-12 04:29:50.736084,34,access,file2,unauthorized
2023-05-11 21:17:54.892424,37,access,server1,unauthorized
2023-11-28 00:48:18.342638,35,logout,server2,unauthorized
2023-10-10 21:14:41.654101,65,access,server1,unauthorized
2023-09-16 18:34:17.666256,88,access,server1,unauthorized
2023-10-03 03:01:31.904444,76,login,server2,authorized
2023-07-24 09:49:33.285249,52,access,file2,unauthorized
2023-09-06 07:57:07.063661,18,access,file2,unauthorized
2023-04-18 16:56:32.577958,79,logout,file2,authorized
2023-04-16 01:14:23.294158,38,login,server1,authorized
2023-09-27 07:31:34.483868,72,login,server2,authorized
2023-02-13 14:20:06.162675,60,logout,file1,unauthorized
2023-02-07 08:29:20.333516,96,access,server2,unauthorized
2023-07-04 22:44:46.520126,65,logout,file2,authorized
2023-04-09 07:06:54.092353,43,login,file1,authorized
2023-04-05 18:15:01.658328,39,access,server1,authorized
2023-07-06 15:57:21.486953,78,access,file1,authorized
2023-01-24 02:36:57.647876,49,login,file1,unauthorized
2023-09-14 11:56:40.283860,61,login,file2,unauthorized
2023-10-27 09:57:39.995185,28,access,server2,unauthorized
2023-06-23 21:44:23.347642,46,logout,file2,authorized
2023-05-21 23:49:49.245202,48,login,file2,authorized
2023-06-11 00:36:53.416020,5,logout,file1,authorized
2023-05-14 23:35:33.543131,54,access,server2,authorized
2023-12-14 04:23:20.447450,58,logout,server1,authorized
2023-02-03 04:08:14.129167,18,access,server1,unauthorized
2023-04-28 18:40:33.737496,11,login,server1,authorized
2023-10-21 06:43:53.929001,2,logout,server1,authorized
2023-02-17 12:09:55.681940,59,logout,file1,authorized
2023-04-01 10:48:53.887707,30,login,server2,unauthorized
2023-12-29 23:34:04.786346,59,logout,server2,authorized
2023-11-02 04:39:59.759677,78,logout,file1,unauthorized
2023-07-17 13:31:16.915010,3,logout,file2,unauthorized
2023-01-06 03:18:48.409070,92,logout,file2,authorized
2023-07-22 13:34:40.128950,6,access,server1,unauthorized
2023-05-09 18:45:14.142723,10,logout,file1,authorized
2023-05-01 19:51:41.212726,35,access,server2,authorized
2023-01-04 06:03:41.644892,44,login,file2,unauthorized
2023-05-30 18:50:02.544447,35,access,file2,unauthorized
2023-11-01 02:04:14.978913,74,login,server1,authorized
2023-03-22 21:05:04.357253,96,logout,server1,authorized
2023-08-21 03:24:34.907723,33,login,file2,unauthorized
2023-08-18 20:27:56.690132,73,logout,file2,unauthorized
2023-07-26 08:42:06.609191,17,logout,server1,authorized
2023-08-20 09:41:29.818858,64,access,server1,authorized
2023-04-04 16:17:07.517858,84,access,file1,authorized
2023-08-25 11:16:33.907940,17,logout,file2,unauthorized
2023-06-25 19:29:29.991190,1,logout,server1,unauthorized
2023-11-13 04:43:07.099567,25,logout,file1,authorized
2023-12-10 05:30:23.569361,4,logout,file2,unauthorized
2023-07-16 02:46:20.754609,26,logout,file1,authorized
2023-10-12 16:48:21.725249,81,logout,file1,unauthorized
2023-11-10 14:30:30.362952,35,access,file2,authorized
2023-09-01 04:26:48.971710,37,logout,server1,unauthorized
2023-04-20 09:15:15.261942,77,login,server1,unauthorized
2023-07-20 01:03:23.630036,72,login,file2,authorized
2023-04-07 16:16:50.934317,17,access,file2,authorized
2023-03-21 06:26:30.668931,99,logout,file1,unauthorized
2023-10-09 18:59:17.832971,19,login,file1,authorized
2023-03-30 22:37:51.011225,58,access,file2,unauthorized
2023-03-17 03:34:49.541647,50,login,server1,unauthorized
2023-10-20 14:13:13.064246,90,logout,file2,authorized
2023-12-02 07:52:28.845188,81,logout,file2,unauthorized
2023-01-24 11:36:28.742671,6,login,server2,unauthorized
2023-01-20 19:41:03.966160,93,login,file2,authorized
2023-08-01 10:15:04.763184,80,login,file1,authorized
2023-04-08 19:01:49.201860,70,login,file1,unauthorized
2023-05-17 19:07:26.048043,57,login,server2,unauthorized
2023-09-06 08:13:31.669788,39,logout,file2,authorized
2023-06-10 10:27:14.245898,5,access,server1,authorized
2023-04-24 10:22:51.154759,88,login,server2,unauthorized
2023-08-11 05:14:14.060130,42,logout,server1,authorized
2023-04-08 08:49:51.117677,9,access,file1,unauthorized
2023-03-14 23:38:35.827176,37,logout,server2,authorized
2023-12-05 19:44:32.521030,2,logout,server2,unauthorized
2023-04-06 20:25:49.792257,58,login,server2,unauthorized
2023-01-04 00:48:08.557810,51,login,server1,unauthorized
2023-06-01 09:28:26.269894,66,logout,server1,unauthorized
2023-12-15 06:48:04.282162,27,logout,file2,authorized
2023-05-13 02:42:58.333706,86,logout,server1,authorized
2023-01-05 00:43:49.170334,59,login,server2,unauthorized
2023-08-21 12:35:10.581046,98,access,file1,unauthorized
2023-06-10 22:30:56.136452,87,logout,file2,authorized
2023-05-15 04:31:16.218527,19,access,file1,authorized
2023-11-30 17:20:43.366430,62,logout,file2,unauthorized
2023-08-19 13:51:11.992085,22,login,file2,unauthorized
2023-02-13 21:21:30.506048,99,login,server1,authorized
2023-08-14 22:07:20.383547,54,login,file1,authorized
2023-12-07 19:14:11.501235,94,login,file1,unauthorized
2023-01-23 12:41:07.981853,41,login,file1,unauthorized
2023-01-29 18:09:42.287766,21,access,server2,unauthorized
2023-09-06 20:32:24.471869,57,login,server1,unauthorized
2023-05-24 15:48:15.295944,5,logout,server2,unauthorized
2023-10-07 06:09:44.921031,46,access,server2,unauthorized
2023-01-28 22:44:08.039715,78,access,server2,unauthorized
2023-08-05 16:28:12.496119,6,logout,file2,unauthorized
2023-08-17 02:58:20.168439,69,access,file2,authorized
2023-07-12 02:23:04.880150,13,logout,server1,unauthorized
2023-05-10 01:18:54.742325,85,login,file2,unauthorized
2023-02-03 17:28:04.799914,78,logout,file2,unauthorized
2023-01-17 15:38:50.454221,33,access,server2,unauthorized
2023-02-03 04:42:06.757429,11,access,file2,unauthorized
2023-12-07 01:06:02.358963,45,login,server1,authorized
2023-07-17 07:54:56.877591,98,login,file2,authorized
2023-07-10 01:11:12.842762,8,access,file2,authorized
2023-10-12 13:58:30.078009,30,logout,server1,authorized
2023-07-15 07:37:15.808035,64,logout,file1,unauthorized
2023-10-18 02:35:16.857202,65,access,file1,unauthorized
2023-06-24 12:26:54.089225,29,login,file2,unauthorized
2023-12-17 02:42:41.528963,27,logout,server1,unauthorized
2023-07-13 06:53:45.450464,75,login,server1,authorized
2023-09-29 19:40:58.935270,29,login,file2,authorized
2023-11-19 22:25:36.575003,15,access,server1,authorized
2023-02-16 06:17:31.694741,76,login,server2,unauthorized
2023-11-27 11:12:02.562119,74,access,server1,authorized
2023-01-14 12:55:13.428651,59,access,file1,authorized
2023-06-08 13:49:00.214729,38,logout,server2,unauthorized
2023-08-18 02:44:54.422346,58,login,file1,unauthorized
2023-11-05 02:47:28.163803,63,access,server2,authorized
2023-02-25 06:26:22.389014,3,access,file2,unauthorized
2023-11-27 16:58:50.880383,75,login,file2,unauthorized
2023-06-01 00:04:37.738177,1,logout,server1,authorized
2023-03-07 18:18:58.992573,66,login,server2,authorized
2023-12-24 08:10:50.825275,30,login,file1,authorized
2023-11-24 12:32:38.775915,10,access,server1,unauthorized
2023-04-04 13:09:54.417313,79,access,server1,unauthorized
2023-07-29 07:02:33.269074,27,login,server2,authorized
2023-03-31 12:10:45.345652,56,logout,file1,unauthorized
2023-03-07 06:19:10.904243,95,access,server2,unauthorized
2023-12-19 06:56:11.928232,67,logout,server1,unauthorized
2023-07-31 10:58:33.836514,62,login,server1,unauthorized
2023-01-19 05:56:13.252798,8,logout,server1,authorized
2023-02-13 09:54:46.859639,42,logout,file1,unauthorized
2023-06-11 14:26:44.527547,14,access,file2,unauthorized
2023-08-05 08:12:01.829558,22,logout,file1,authorized
2023-09-29 10:48:18.447934,65,access,server2,authorized
2023-03-07 16:34:06.285465,19,login,file1,unauthorized
2023-08-14 07:32:04.963845,31,login,server1,unauthorized
2023-03-15 21:42:10.930998,29,logout,server1,unauthorized
2023-01-24 06:21:13.112145,35,access,server2,authorized
2023-04-27 11:25:32.098179,40,login,file2,authorized
2023-12-19 20:23:09.831572,27,logout,server1,unauthorized
2023-12-11 18:16:30.578868,97,logout,file2,unauthorized
2023-04-08 00:29:33.746749,24,logout,file1,unauthorized
2023-07-19 05:34:13.986490,73,logout,file1,unauthorized
2023-08-31 12:09:08.006649,91,login,server2,authorized
2023-09-22 12:16:05.537004,42,login,server2,unauthorized
2023-03-29 17:20:31.409186,54,login,server1,unauthorized
2023-09-27 03:17:24.135505,86,access,file1,unauthorized
2023-09-11 08:35:34.070672,39,access,file2,authorized
2023-06-15 18:11:18.651632,49,access,server1,unauthorized
2023-10-30 20:42:28.421129,16,access,server2,authorized
2023-03-11 10:48:38.586295,8,access,file2,authorized
2023-09-08 23:36:34.953884,83,access,server2,authorized
2023-11-05 10:48:34.654324,8,login,server1,authorized
2023-08-28 20:53:13.270367,25,access,server1,authorized
2023-07-12 23:49:19.696853,27,logout,server1,authorized
2023-06-16 00:22:16.974386,87,login,server1,unauthorized
2023-07-16 09:10:28.467175,98,access,file1,unauthorized
2023-05-06 04:29:32.932858,19,login,server2,unauthorized
2023-01-19 17:18:13.417095,43,logout,server1,authorized
2023-04-16 14:37:40.511824,26,access,file2,authorized
2023-03-05 01:51:42.964962,5,access,server1,authorized
2023-05-25 18:02:57.662913,35,logout,server1,unauthorized
2023-03-20 21:14:33.701744,48,login,server1,unauthorized
2023-08-20 16:54:58.283382,52,access,file2,unauthorized
2023-08-02 19:40:03.136497,71,access,server2,unauthorized
2023-06-11 06:24:17.788493,15,login,file1,unauthorized
2023-10-06 08:17:00.221509,18,logout,server1,authorized
2023-10-01 11:43:54.613288,78,access,server1,unauthorized
2023-07-15 09:07:41.095239,96,logout,file1,unauthorized
2023-08-12 17:37:42.129721,57,logout,file2,authorized
2023-08-28 09:34:05.153972,95,access,server2,unauthorized
2023-04-14 00:14:30.878531,55,logout,server2,unauthorized
2023-12-07 11:39:56.053358,67,logout,file1,authorized
2023-09-22 09:32:45.042147,61,access,file1,unauthorized
2023-01-18 03:41:33.671270,20,login,server2,unauthorized
2023-12-07 21:48:10.875456,39,logout,server1,authorized
2023-05-25 00:59:34.247825,69,logout,file1,authorized
2023-02-22 05:19:38.121038,22,access,file1,authorized
2023-09-08 00:44:47.619198,12,logout,server2,unauthorized
2023-08-22 21:57:06.307101,60,login,server1,unauthorized
2023-04-22 12:53:21.552299,23,access,file2,authorized
2023-07-27 18:36:24.107449,36,login,server1,unauthorized
2023-01-17 17:35:06.526906,21,login,server1,authorized
2023-03-09 11:29:29.278435,87,logout,server2,authorized
2023-04-07 01:12:48.978633,77,logout,server2,authorized
2023-09-13 11:46:28.712016,21,login,file1,unauthorized
2023-08-16 23:38:01.344620,22,login,file2,authorized
2023-06-08 00:41:32.138084,61,login,server2,unauthorized
2023-07-10 20:45:54.694773,84,login,server2,authorized
2023-11-25 15:30:48.806447,36,logout,server1,unauthorized
2023-03-19 11:11:33.373951,43,login,file1,unauthorized
2023-04-20 14:28:06.895290,93,access,file2,authorized
2023-01-26 14:52:10.897661,45,access,file2,unauthorized
2023-02-21 05:43:58.376568,36,logout,server2,unauthorized
2023-07-19 15:21:09.452924,63,login,file1,unauthorized
2023-06-11 12:13:03.943735,1,login,server1,authorized
2023-05-11 20:32:52.698587,71,access,server2,unauthorized
2023-08-22 11:56:57.575431,91,logout,server1,authorized
2023-10-11 04:25:00.760544,20,login,server1,unauthorized
2023-01-03 17:39:28.827122,18,login,file1,authorized
2023-06-24 21:52:14.385568,58,logout,file2,authorized
2023-02-13 16:11:39.818653,91,login,server1,authorized
2023-06-08 09:49:05.337477,74,access,server1,unauthorized
2023-02-13 18:05:48.072567,75,login,file2,authorized
2023-02-28 09:10:37.045931,93,logout,server2,authorized
2023-02-13 15:03:41.502273,93,login,file2,authorized
2023-01-02 10:42:14.491351,67,login,file2,unauthorized
2023-08-09 21:26:53.014185,39,login,server1,unauthorized
2023-07-18 05:13:49.006004,97,logout,file2,authorized
2023-06-22 02:28:02.345193,84,login,server2,unauthorized
2023-12-08 13:11:38.630780,33,login,server2,unauthorized
2023-09-05 15:32:49.531532,20,logout,file1,authorized
2023-08-08 20:17:16.326927,2,access,server2,unauthorized
2023-01-21 02:27:59.718578,78,access,file2,authorized
2023-05-19 23:56:24.894509,71,login,server1,unauthorized
2023-10-21 13:07:28.904192,51,login,server2,authorized
2023-09-28 21:09:53.625432,82,logout,server2,unauthorized
2023-01-23 16:30:55.944161,54,logout,file2,authorized
2023-10-31 06:19:15.048342,51,logout,server1,authorized
2023-12-02 04:12:04.016549,51,login,server1,authorized
2023-07-17 09:01:51.951609,30,login,file1,unauthorized
2023-04-11 17:28:11.045645,38,login,file1,authorized
2023-04-16 19:30:55.517716,29,logout,server1,unauthorized
2023-04-08 00:11:26.490382,33,logout,server2,unauthorized
2023-01-13 22:35:56.966135,26,access,file2,authorized
2023-11-16 22:43:50.362675,25,login,server2,unauthorized
2023-07-12 20:23:29.728580,20,logout,server2,unauthorized
2023-07-22 15:20:43.868599,90,logout,file1,authorized
2023-03-27 10:31:44.029262,24,logout,file2,authorized
2023-03-27 20:45:41.757327,47,logout,file1,authorized
2023-07-08 04:32:46.228976,26,login,file1,authorized
2023-02-26 12:22:39.118151,44,access,server1,authorized
2023-04-26 21:36:23.621093,33,logout,file1,authorized
2023-08-30 17:44:08.691666,45,access,server1,unauthorized
2023-08-19 00:40:35.699181,6,login,file1,unauthorized
2023-12-10 14:00:09.868067,49,login,file1,unauthorized
2023-01-14 20:14:06.459277,47,access,file1,authorized
2023-06-23 10:44:25.357797,31,logout,file2,authorized
2023-06-19 06:11:49.555588,10,login,file1,authorized
2023-07-09 14:44:44.347542,17,logout,server2,unauthorized
2023-12-29 18:23:27.249261,37,login,file2,unauthorized
2023-11-23 06:27:20.623168,71,login,server1,authorized
2023-04-26 16:37:12.000571,98,login,server2,authorized
2023-10-25 11:09:05.630455,2,login,server2,authorized
2023-06-25 19:00:14.315140,65,logout,server1,authorized
2023-09-08 19:19:58.888074,57,logout,file1,authorized
2023-06-26 00:35:09.834583,88,logout,file2,unauthorized
2023-11-28 06:07:01.971441,44,logout,server2,unauthorized
2023-02-28 05:29:15.752640,36,access,server2,unauthorized
2023-02-02 03:23:41.859804,27,login,file1,unauthorized
2023-05-06 15:25:06.319361,41,login,file1,unauthorized
2023-03-23 12:35:42.593299,21,logout,file1,authorized
2023-04-02 06:09:59.069928,60,logout,server1,unauthorized
2023-09-04 08:00:43.415894,45,logout,file2,unauthorized
2023-08-07 18:42:06.058901,89,login,server1,unauthorized
2023-01-14 00:30:16.337236,84,login,server1,authorized
2023-09-16 11:06:58.631512,7,login,server1,authorized
2023-10-23 10:20:33.758700,82,access,file2,authorized
2023-06-20 09:05:32.409379,71,access,file2,authorized
2023-04-02 18:00:07.050394,60,access,file1,unauthorized
2023-11-26 10:11:18.397485,58,logout,file1,unauthorized
2023-04-17 07:53:04.092714,91,access,server2,unauthorized
2023-09-03 19:57:55.022131,47,access,file1,authorized
2023-09-01 16:36:20.971457,92,access,server2,authorized
2023-03-06 23:56:22.601757,31,logout,server1,unauthorized
