timestamp,user_id,auth_method,status
2023-09-24 18:57:25.455333,76,fingerprint,success
2023-11-30 13:31:02.549858,29,password,success
2023-03-09 21:50:50.798867,79,fingerprint,success
2023-09-20 06:26:30.990157,11,face_recognition,success
2023-10-19 15:43:14.935492,76,password,success
2023-04-19 00:22:11.990213,53,face_recognition,failure
2023-12-18 00:39:19.386531,27,face_recognition,failure
2023-06-17 13:59:29.694934,69,face_recognition,failure
2023-02-12 01:02:29.189070,88,password,success
2023-07-23 20:26:21.321172,88,password,success
2023-10-25 09:31:17.360195,41,fingerprint,failure
2023-03-31 22:18:19.574800,67,face_recognition,failure
2023-09-11 17:49:08.580502,1,face_recognition,failure
2023-11-06 01:05:11.489464,42,fingerprint,success
2023-01-05 05:50:12.641245,80,password,success
2023-12-23 22:57:11.409869,13,fingerprint,success
2023-08-23 13:20:27.524826,94,password,failure
2023-09-07 01:16:32.118843,26,face_recognition,failure
2023-04-06 02:56:43.169891,76,fingerprint,success
2023-05-01 15:39:36.143550,10,fingerprint,failure
2023-11-29 04:03:42.271895,76,face_recognition,failure
2023-09-19 21:48:23.408730,32,face_recognition,success
2023-01-25 07:37:59.398984,34,password,failure
2023-04-26 08:46:04.981535,1,password,success
2023-01-28 12:45:16.354479,30,password,success
2023-07-01 00:55:35.524323,13,password,success
2023-05-21 14:06:34.187091,85,password,success
2023-04-28 13:47:28.201197,41,password,success
2023-04-16 10:05:27.516862,89,fingerprint,success
2023-07-20 14:43:33.699210,36,password,failure
2023-08-19 12:43:05.769617,57,password,success
2023-05-14 23:58:47.537663,45,fingerprint,failure
2023-04-20 13:17:15.094015,93,face_recognition,failure
2023-03-28 00:54:23.120233,4,password,failure
2023-03-06 14:04:56.195334,21,fingerprint,failure
2023-01-20 09:33:36.254620,12,face_recognition,success
2023-10-11 22:13:32.046358,80,password,success
2023-05-28 07:18:38.424338,58,password,failure
2023-03-02 11:36:58.374713,38,face_recognition,success
2023-08-12 10:18:56.607766,76,password,success
2023-07-03 12:30:13.821470,78,fingerprint,failure
2023-09-19 06:37:24.622882,94,fingerprint,success
2023-10-29 21:25:42.656347,54,password,failure
2023-09-01 17:46:50.901184,53,face_recognition,success
2023-02-11 11:45:42.111310,33,fingerprint,success
2023-08-10 22:32:08.191200,77,face_recognition,success
2023-11-10 19:55:21.939577,63,face_recognition,success
2023-12-01 18:05:28.433002,27,face_recognition,success
2023-07-01 18:43:50.845591,31,face_recognition,success
2023-12-07 21:26:39.156968,60,password,success
2023-03-06 21:07:10.320399,30,fingerprint,failure
2023-12-03 20:43:37.335085,72,password,failure
2023-03-20 10:14:23.757309,18,face_recognition,success
2023-07-06 21:01:49.408102,1,face_recognition,success
2023-06-30 10:41:11.167922,70,fingerprint,failure
2023-06-29 07:00:38.810267,38,password,failure
2023-09-04 14:57:04.458781,91,face_recognition,failure
2023-10-25 09:32:40.575601,52,face_recognition,failure
2023-06-26 13:04:52.489841,3,face_recognition,failure
2023-09-25 08:35:35.076637,82,fingerprint,success
2023-05-20 04:27:16.025225,54,fingerprint,failure
2023-02-07 19:56:35.843460,58,fingerprint,failure
2023-01-04 23:58:22.876342,86,face_recognition,success
2023-01-01 13:15:48.059202,35,face_recognition,failure
2023-10-10 22:51:11.807824,24,face_recognition,success
2023-04-09 03:35:58.285864,92,fingerprint,success
2023-12-28 00:44:59.309969,83,fingerprint,success
2023-07-22 03:38:46.535475,88,password,failure
2023-08-06 08:49:00.135111,12,fingerprint,success
2023-07-26 03:02:22.417363,56,password,success
2023-03-11 23:35:04.200676,68,fingerprint,success
2023-01-14 03:04:18.455807,87,fingerprint,success
2023-05-31 05:16:03.012714,80,password,success
2023-09-28 13:21:05.521575,14,fingerprint,success
2023-10-05 00:41:04.170568,88,fingerprint,success
2023-12-08 20:37:56.753323,52,fingerprint,success
2023-12-27 14:11:49.740304,71,fingerprint,failure
2023-10-27 13:35:33.426860,83,password,failure
2023-12-14 18:31:48.531556,43,fingerprint,success
2023-03-09 19:34:06.667663,35,face_recognition,failure
2023-08-12 17:14:37.996135,14,fingerprint,failure
2023-08-24 07:27:10.274978,87,face_recognition,success
2023-06-17 11:23:44.485867,81,password,success
2023-07-14 02:58:28.588411,35,fingerprint,success
2023-05-12 02:04:27.503858,48,fingerprint,success
2023-02-09 15:24:55.402627,13,password,failure
2023-01-06 09:09:25.760314,29,password,success
2023-07-18 08:03:20.739511,74,fingerprint,success
2023-07-07 02:34:36.602542,22,face_recognition,failure
2023-11-16 17:28:33.611935,99,fingerprint,failure
2023-06-16 12:36:42.373007,94,fingerprint,success
2023-05-25 01:18:45.501340,85,fingerprint,failure
2023-01-09 17:08:31.993160,74,fingerprint,failure
2023-07-14 21:12:00.908820,55,password,success
2023-07-20 18:13:25.227235,59,face_recognition,failure
2023-11-28 22:47:30.015175,21,password,success
2023-01-09 19:10:51.759591,90,fingerprint,success
2023-12-11 04:20:09.013690,12,face_recognition,success
2023-02-03 09:40:58.693510,80,face_recognition,failure
2023-08-12 01:35:58.153132,86,face_recognition,success
2023-11-18 14:27:47.980237,56,password,failure
2023-01-10 00:35:24.568274,16,password,success
2023-11-03 21:58:55.513034,58,fingerprint,failure
2023-01-31 14:55:03.616372,2,face_recognition,success
2023-11-10 02:07:51.109186,40,password,failure
2023-01-16 18:04:58.220654,78,password,success
2023-06-10 16:09:40.274546,35,fingerprint,success
2023-11-20 04:57:11.113765,96,password,success
2023-11-29 03:40:55.178185,6,fingerprint,failure
2023-09-26 07:35:24.388915,11,fingerprint,success
2023-09-27 03:06:37.076342,55,password,failure
2023-06-30 06:41:16.493455,60,face_recognition,success
2023-08-09 20:26:03.604574,13,fingerprint,failure
2023-09-17 20:49:58.202289,35,face_recognition,failure
2023-10-22 03:46:56.101279,1,password,success
2023-07-08 16:01:09.736220,93,fingerprint,success
2023-11-21 11:48:35.337226,74,fingerprint,failure
2023-05-27 19:30:55.983269,38,password,success
2023-07-31 23:41:14.219272,88,face_recognition,failure
2023-10-27 03:47:08.361721,65,password,failure
2023-09-01 17:23:58.170577,57,password,success
2023-12-20 11:58:03.763676,26,fingerprint,success
2023-06-01 03:22:36.636549,95,password,failure
2023-09-05 14:40:08.409301,42,password,failure
2023-02-20 04:50:06.163467,97,fingerprint,failure
2023-07-18 06:09:31.244056,82,password,success
2023-06-04 17:06:34.521659,19,fingerprint,success
2023-07-02 20:56:54.190486,16,password,success
2023-06-21 14:13:52.204864,52,face_recognition,failure
2023-10-25 07:34:11.671987,51,fingerprint,failure
2023-01-24 16:57:11.712600,34,face_recognition,success
2023-05-09 07:42:50.012601,28,password,success
2023-05-05 17:16:36.835231,26,face_recognition,success
2023-02-05 08:02:41.316982,9,password,failure
2023-02-02 06:40:38.280009,83,fingerprint,success
2023-11-10 19:41:36.619365,69,fingerprint,success
2023-07-24 07:09:43.006166,8,face_recognition,failure
2023-02-26 12:43:51.359110,95,fingerprint,success
2023-07-24 00:05:34.522320,29,face_recognition,success
2023-06-29 07:16:07.156697,55,password,success
2023-01-18 08:12:32.915735,3,password,failure
2023-04-01 09:01:53.293121,46,password,failure
2023-11-19 21:48:24.750998,3,password,failure
2023-02-11 15:09:24.443618,83,fingerprint,success
2023-03-20 05:59:59.003638,4,password,success
2023-12-24 02:37:05.760686,45,password,success
2023-06-22 05:21:49.861816,33,face_recognition,success
2023-04-10 20:17:28.969111,41,face_recognition,success
2023-10-15 18:28:14.766082,97,face_recognition,failure
2023-11-25 21:57:25.252309,7,password,success
2023-09-24 07:46:24.442665,39,password,failure
2023-12-09 12:45:25.969097,42,face_recognition,failure
2023-10-29 08:22:12.723246,77,fingerprint,failure
2023-01-12 15:44:02.881029,76,password,success
2023-07-27 08:49:22.056269,51,face_recognition,success
2023-10-15 02:26:50.061753,19,password,failure
2023-10-20 09:46:01.606380,51,password,failure
2023-07-25 15:32:36.687574,52,password,failure
2023-03-25 08:01:06.127939,55,face_recognition,success
2023-03-02 01:26:44.749107,77,face_recognition,success
2023-02-17 04:00:28.272863,7,password,success
2023-12-15 18:12:30.680862,28,fingerprint,success
2023-11-06 17:09:42.481342,30,fingerprint,failure
2023-03-25 01:53:51.296672,75,face_recognition,success
2023-10-14 04:05:33.853265,2,fingerprint,failure
2023-12-13 07:40:39.113321,50,face_recognition,failure
2023-12-12 06:48:30.412383,27,password,failure
2023-07-06 10:05:04.031283,58,password,success
2023-09-02 21:57:47.592199,60,face_recognition,failure
2023-12-14 15:44:24.986691,61,fingerprint,success
2023-06-04 15:59:46.528435,90,fingerprint,failure
2023-10-15 11:36:34.280527,99,password,failure
2023-07-17 08:11:39.549604,17,fingerprint,success
2023-02-05 13:25:51.390917,80,face_recognition,failure
2023-04-16 02:35:42.939482,62,face_recognition,failure
2023-01-23 11:29:33.390452,41,fingerprint,success
2023-02-14 11:10:36.371374,5,face_recognition,success
2023-08-08 07:04:55.978605,20,password,success
2023-06-03 18:09:02.955645,57,password,success
2023-02-13 06:19:14.749568,17,face_recognition,success
2023-09-15 04:45:16.990603,74,face_recognition,success
2023-10-31 22:49:12.662876,40,password,failure
2023-12-06 08:45:50.856708,28,fingerprint,failure
2023-05-07 23:30:54.157002,29,face_recognition,success
2023-08-17 19:06:51.498930,68,password,success
2023-02-28 14:04:58.679460,89,face_recognition,failure
2023-11-03 14:30:18.009829,56,password,failure
2023-02-17 20:44:33.628195,66,face_recognition,failure
2023-03-01 07:06:53.829525,64,password,success
2023-06-09 11:47:40.991414,10,face_recognition,success
2023-12-06 09:26:30.578430,57,fingerprint,success
2023-06-23 09:06:37.246575,83,fingerprint,success
2023-07-04 19:50:24.285000,20,face_recognition,failure
2023-10-02 15:24:41.604763,98,face_recognition,success
2023-02-16 02:33:08.459570,46,password,failure
2023-04-29 18:20:56.060337,58,fingerprint,success
2023-11-16 00:51:00.310088,75,face_recognition,failure
2023-01-08 05:20:05.072192,56,password,success
2023-04-04 22:25:59.644442,52,fingerprint,success
2023-10-31 00:12:14.074651,4,password,failure
2023-12-22 01:30:12.918523,33,fingerprint,failure
2023-04-13 00:09:47.454833,5,password,failure
2023-07-14 15:54:25.850811,47,fingerprint,success
2023-07-29 09:06:34.510962,29,face_recognition,success
2023-09-14 23:33:27.125641,18,fingerprint,failure
2023-11-23 14:55:09.217286,82,face_recognition,failure
2023-02-24 21:54:12.936273,92,fingerprint,failure
2023-01-05 06:39:40.129466,55,password,success
2023-05-02 12:56:00.638336,59,fingerprint,failure
2023-12-15 08:17:49.611621,24,fingerprint,failure
2023-07-24 10:18:34.724593,20,fingerprint,success
2023-09-15 08:52:37.184224,65,password,failure
2023-02-26 00:35:22.389240,96,fingerprint,failure
2023-09-13 10:09:37.915668,73,fingerprint,failure
2023-11-17 15:56:46.507306,31,face_recognition,success
2023-06-26 16:21:24.862493,98,fingerprint,success
2023-11-28 01:12:03.995699,56,face_recognition,failure
2023-10-18 08:27:32.790193,8,password,failure
2023-02-11 01:58:27.860185,33,fingerprint,failure
2023-02-07 20:29:48.248214,65,fingerprint,failure
2023-01-10 02:00:44.094805,90,face_recognition,success
2023-10-08 15:08:30.835722,19,fingerprint,failure
2023-01-30 22:27:07.681000,60,password,success
2023-03-01 10:05:26.179731,52,face_recognition,success
2023-04-04 13:00:55.892600,36,fingerprint,failure
2023-09-29 06:44:58.879071,68,password,success
2023-11-20 20:20:34.318596,78,fingerprint,success
2023-09-04 16:20:28.696190,15,face_recognition,failure
2023-08-11 02:52:28.545172,26,password,success
2023-07-03 11:36:47.132709,92,fingerprint,failure
2023-03-08 10:14:14.374782,4,password,success
2023-11-22 02:18:09.917504,71,fingerprint,failure
2023-07-13 19:27:15.632474,71,password,success
2023-04-19 19:32:41.692987,45,fingerprint,failure
2023-07-12 01:40:22.436926,96,fingerprint,failure
2023-07-26 01:24:18.360804,11,password,failure
2023-03-27 07:39:45.242497,60,fingerprint,success
2023-12-14 19:50:58.865892,36,password,failure
2023-02-16 05:33:57.850808,33,password,failure
2023-11-27 17:42:18.120513,96,fingerprint,success
2023-07-14 00:55:52.317860,50,face_recognition,failure
2023-05-04 13:33:59.635617,68,face_recognition,failure
2023-04-16 19:20:16.983715,53,fingerprint,failure
2023-10-09 08:13:45.159355,23,face_recognition,success
2023-11-21 09:32:41.744659,80,face_recognition,success
2023-08-05 17:58:03.379784,32,face_recognition,failure
2023-02-23 06:13:52.586147,39,password,success
2023-03-16 01:16:01.136881,4,password,failure
2023-08-25 21:41:30.092616,63,password,success
2023-07-22 04:14:35.253123,48,fingerprint,success
2023-05-03 14:57:49.794877,69,face_recognition,success
2023-01-27 13:25:14.453635,33,password,success
2023-03-14 09:36:31.070625,35,fingerprint,success
2023-12-17 05:43:30.528853,26,fingerprint,failure
2023-06-13 22:29:52.388584,38,face_recognition,success
2023-09-20 07:54:07.318634,33,fingerprint,success
2023-03-05 06:31:51.353105,34,fingerprint,success
2023-02-21 01:24:14.825104,78,password,success
2023-06-24 23:33:36.225127,13,password,failure
2023-05-04 20:33:10.049564,33,fingerprint,success
2023-06-21 12:25:21.000881,27,face_recognition,success
2023-11-29 18:57:32.309434,1,face_recognition,success
2023-11-22 22:06:53.009113,62,face_recognition,failure
2023-07-13 12:24:36.561992,57,password,success
2023-10-01 19:58:49.994108,27,face_recognition,success
2023-03-20 12:27:22.883868,96,fingerprint,failure
2023-05-07 18:16:48.011297,22,password,success
2023-06-15 07:19:00.748018,97,password,success
2023-09-17 12:13:07.809737,21,fingerprint,failure
2023-09-24 12:14:21.415372,84,face_recognition,success
2023-01-28 13:46:18.568241,96,fingerprint,success
2023-10-29 15:59:26.246767,65,password,failure
2023-01-04 02:35:54.782692,24,password,success
2023-10-27 16:48:35.615716,18,fingerprint,success
2023-09-16 15:38:31.405678,21,password,success
2023-05-30 00:39:38.967198,88,fingerprint,failure
2023-05-28 19:28:20.306299,36,password,success
2023-11-05 17:31:14.014143,74,password,failure
2023-06-05 00:47:09.432053,91,password,failure
2023-03-02 14:12:03.740710,67,fingerprint,failure
2023-08-25 00:00:36.220167,26,password,success
2023-12-06 18:14:04.426196,28,password,failure
2023-09-24 04:26:24.344080,79,face_recognition,failure
2023-08-27 16:14:49.128527,47,face_recognition,failure
2023-02-09 14:43:17.416615,55,face_recognition,success
2023-01-13 18:12:33.098434,63,face_recognition,success
2023-02-14 17:48:57.843120,98,fingerprint,failure
2023-04-23 22:06:49.310410,31,password,failure
2023-04-19 08:03:33.801605,38,face_recognition,success
2023-12-18 19:33:53.173757,45,fingerprint,success
2023-08-26 15:27:57.309736,57,password,failure
2023-01-11 20:52:28.898602,90,password,success
2023-11-27 19:30:56.340533,54,face_recognition,success
2023-02-18 11:29:51.937972,30,fingerprint,failure
2023-02-06 02:59:00.667253,33,face_recognition,failure
2023-03-28 21:41:17.516812,92,face_recognition,success
2023-07-30 00:46:04.064435,57,face_recognition,failure
2023-10-08 09:17:20.154402,99,face_recognition,failure
2023-08-07 18:16:08.676043,76,face_recognition,failure
2023-07-26 12:30:28.346988,98,fingerprint,failure
2023-04-06 10:32:39.749220,10,face_recognition,success
2023-09-21 10:46:02.924958,32,face_recognition,failure
2023-05-18 19:49:56.326085,6,face_recognition,failure
2023-01-30 13:31:07.687142,81,face_recognition,success
2023-10-31 15:52:55.677478,79,password,success
2023-10-16 05:29:18.586434,59,fingerprint,success
2023-12-19 17:15:30.454255,54,fingerprint,failure
2023-10-31 06:00:27.806452,11,password,failure
2023-08-08 09:36:02.389136,66,face_recognition,failure
2023-06-16 15:00:25.685381,97,password,success
2023-05-03 01:58:47.886852,38,fingerprint,failure
2023-09-03 18:31:11.605694,30,face_recognition,success
2023-09-25 07:55:58.235745,1,fingerprint,success
2023-05-03 18:40:02.121214,70,fingerprint,success
2023-05-05 19:16:49.073926,93,face_recognition,success
2023-04-21 07:32:08.800703,98,fingerprint,success
2023-07-21 01:54:21.375028,18,fingerprint,failure
2023-01-26 07:38:20.168683,49,password,failure
2023-01-17 00:19:33.386954,1,fingerprint,success
2023-07-21 07:11:22.847279,53,password,success
2023-05-24 09:01:33.188561,20,password,failure
2023-12-07 10:19:33.726552,71,password,success
2023-08-04 00:23:33.959648,14,fingerprint,success
2023-04-05 00:06:25.193471,96,face_recognition,failure
2023-03-08 08:17:42.574110,49,face_recognition,failure
2023-01-04 23:41:12.394985,97,fingerprint,success
2023-10-10 20:56:48.297155,10,password,success
2023-03-18 14:23:47.456684,55,password,success
2023-01-05 00:12:37.543584,21,password,success
2023-12-05 14:47:41.201586,79,fingerprint,failure
2023-07-10 00:37:41.560891,79,face_recognition,success
2023-07-23 10:00:42.558154,12,fingerprint,failure
2023-11-26 18:49:38.707428,30,face_recognition,failure
2023-02-19 07:22:59.051770,69,face_recognition,failure
2023-05-17 17:27:51.135360,85,face_recognition,failure
2023-06-20 19:33:03.541586,90,fingerprint,success
2023-10-13 02:42:23.491735,13,face_recognition,success
2023-08-21 06:42:41.547635,78,password,failure
2023-01-15 03:19:00.648940,38,face_recognition,success
2023-02-23 13:43:33.854425,18,face_recognition,failure
2023-11-24 03:24:36.145133,23,fingerprint,failure
2023-01-18 13:22:02.472200,81,face_recognition,success
2023-12-26 19:52:29.145325,14,fingerprint,success
2023-10-29 16:40:57.058799,80,fingerprint,failure
2023-09-04 05:17:47.963106,68,password,success
2023-09-12 09:48:51.101544,8,password,failure
2023-08-15 10:29:30.000018,47,password,success
2023-11-16 14:39:39.280223,77,face_recognition,failure
2023-02-20 18:14:29.715777,38,fingerprint,failure
2023-06-05 11:02:49.400556,96,password,success
2023-10-18 06:16:23.835083,59,fingerprint,success
2023-11-16 20:00:09.478817,78,fingerprint,success
2023-06-24 08:47:52.770010,18,password,success
2023-09-26 00:44:56.260044,51,fingerprint,failure
2023-12-26 18:55:02.263819,15,password,success
2023-09-05 03:27:34.363847,40,face_recognition,failure
2023-10-06 21:03:03.081366,47,password,success
2023-07-06 20:55:21.416082,77,face_recognition,failure
2023-10-03 05:03:33.854348,66,password,success
2023-07-16 12:26:34.462693,80,face_recognition,success
2023-03-16 12:19:12.925146,43,fingerprint,failure
2023-05-27 04:36:36.650271,88,face_recognition,failure
2023-07-19 01:46:31.694139,29,password,success
2023-09-02 19:26:07.414759,45,face_recognition,failure
2023-03-31 19:18:19.151170,23,fingerprint,failure
2023-10-01 09:03:36.075435,30,password,failure
2023-04-01 14:58:23.956079,97,fingerprint,failure
2023-11-30 03:15:42.696987,73,fingerprint,failure
2023-07-21 17:13:46.781548,9,fingerprint,failure
2023-02-10 10:43:51.518481,21,fingerprint,success
2023-03-17 05:18:25.591431,47,fingerprint,success
2023-07-03 14:56:56.863736,17,password,success
2023-08-23 09:51:32.225930,3,face_recognition,failure
2023-06-23 08:31:36.265225,20,password,success
2023-02-15 19:28:42.435094,39,face_recognition,success
2023-09-26 09:05:59.746269,9,password,failure
2023-09-02 11:52:12.061265,70,password,failure
2023-11-10 22:47:59.336186,9,password,success
2023-01-20 10:13:26.023641,2,face_recognition,failure
2023-04-14 08:55:35.159866,68,face_recognition,failure
2023-07-29 16:00:14.526004,86,password,success
2023-10-06 10:12:50.712686,11,password,success
2023-10-14 15:23:48.152247,47,face_recognition,failure
2023-05-05 20:40:29.387021,86,face_recognition,failure
2023-12-15 00:03:24.630509,82,fingerprint,success
2023-05-19 06:08:57.526123,73,fingerprint,failure
2023-10-26 02:26:24.155371,1,face_recognition,failure
2023-10-29 18:26:58.161218,79,face_recognition,success
2023-07-03 05:28:21.022599,48,fingerprint,success
2023-03-17 12:38:04.982274,26,face_recognition,success
2023-12-25 14:06:40.633373,65,password,failure
2023-03-22 00:48:30.772985,88,face_recognition,failure
2023-03-09 11:43:17.258534,29,password,failure
2023-09-25 19:39:28.513367,69,fingerprint,success
2023-05-09 22:03:33.274999,99,password,failure
2023-04-29 08:07:40.619163,24,fingerprint,success
2023-11-23 10:37:10.434031,40,fingerprint,success
2023-11-29 13:06:57.127683,92,fingerprint,failure
2023-12-22 13:29:46.983758,33,face_recognition,failure
2023-01-25 04:18:05.022261,80,fingerprint,success
2023-11-22 16:01:26.761097,40,fingerprint,failure
2023-06-05 12:18:59.748799,64,face_recognition,success
2023-11-16 10:02:43.114384,5,face_recognition,success
2023-03-16 17:33:26.448110,61,fingerprint,failure
2023-12-28 15:37:04.933717,58,face_recognition,failure
2023-07-17 00:37:14.994680,75,password,success
2023-10-25 16:04:53.219169,7,password,success
2023-10-22 22:46:49.014011,97,fingerprint,success
2023-01-19 16:01:45.330320,58,face_recognition,success
2023-08-14 19:41:38.265594,69,fingerprint,failure
2023-09-22 12:05:47.301557,8,fingerprint,success
2023-02-06 05:13:04.165891,89,password,failure
2023-09-07 03:23:29.499533,69,face_recognition,success
2023-09-15 22:23:02.659925,55,password,failure
2023-02-10 22:01:38.847808,57,face_recognition,failure
2023-11-24 10:02:14.485027,26,fingerprint,success
2023-11-22 11:15:33.587520,11,password,failure
2023-06-11 20:43:39.625001,23,fingerprint,success
2023-01-14 20:45:30.190926,8,password,failure
2023-11-08 06:11:59.074647,34,face_recognition,failure
2023-01-01 13:34:16.755588,68,face_recognition,failure
2023-11-13 18:46:03.667726,29,fingerprint,failure
2023-07-09 20:42:45.090531,62,fingerprint,success
2023-10-06 00:02:48.061775,39,face_recognition,success
2023-05-28 22:05:23.124817,71,password,success
2023-06-12 21:38:34.429849,96,password,success
2023-08-22 13:47:14.136996,17,password,failure
2023-11-30 21:02:57.319696,32,password,success
2023-07-27 02:43:21.917368,15,fingerprint,success
2023-09-01 06:38:11.055076,97,password,success
2023-12-15 19:07:51.098113,39,password,failure
2023-09-30 17:37:34.570744,87,face_recognition,success
2023-07-22 16:17:39.105250,90,face_recognition,failure
2023-09-15 16:09:06.333418,4,fingerprint,success
2023-12-06 21:28:35.270533,18,face_recognition,success
2023-08-21 06:43:30.260674,16,fingerprint,success
2023-04-14 18:55:57.048243,12,fingerprint,success
2023-07-09 02:23:39.465549,5,fingerprint,success
2023-02-26 14:41:28.414815,58,password,failure
2023-01-24 03:18:55.732719,59,fingerprint,failure
2023-02-23 22:45:46.322153,70,fingerprint,success
2023-02-13 22:17:57.201595,76,fingerprint,success
2023-03-10 20:35:54.579379,1,face_recognition,failure
2023-03-16 09:34:17.989765,96,face_recognition,failure
2023-07-23 04:12:40.772500,38,face_recognition,success
2023-02-09 13:00:14.251935,20,face_recognition,failure
2023-07-06 19:50:57.149202,85,face_recognition,success
2023-08-17 14:10:23.363752,73,password,success
2023-01-15 18:23:07.474945,17,password,failure
2023-03-31 11:42:49.216551,83,fingerprint,failure
2023-05-20 00:22:57.981803,36,face_recognition,failure
2023-04-16 14:13:32.088470,95,password,failure
2023-11-09 02:36:59.161995,12,password,failure
2023-04-11 02:17:18.486454,69,fingerprint,success
2023-06-28 09:01:21.163238,60,face_recognition,success
2023-08-31 05:39:26.300665,11,password,failure
2023-01-20 21:12:56.628363,78,face_recognition,failure
2023-01-19 07:29:50.879141,68,password,failure
2023-09-20 16:31:10.205047,15,face_recognition,success
2023-07-17 10:01:51.511568,82,password,success
2023-10-22 10:56:34.432770,10,password,failure
2023-04-30 01:56:31.436888,65,fingerprint,failure
2023-02-19 15:05:23.991591,40,password,success
2023-07-25 04:27:10.293129,3,password,success
2023-03-31 00:20:15.483348,86,password,failure
2023-04-23 08:57:48.181475,43,face_recognition,success
2023-05-04 09:06:55.688347,37,password,success
2023-06-01 20:17:32.624607,25,fingerprint,success
2023-02-25 03:52:23.171128,67,face_recognition,failure
2023-04-17 12:34:57.943445,81,password,failure
2023-03-07 15:04:12.768406,34,password,success
2023-09-19 14:10:42.222850,14,password,success
2023-12-27 13:02:27.521769,92,password,success
2023-08-13 19:09:02.259509,65,fingerprint,failure
2023-03-09 21:23:47.612925,76,fingerprint,failure
2023-08-31 07:14:58.447542,41,face_recognition,failure
2023-05-23 17:47:14.318786,41,fingerprint,failure
2023-09-08 19:06:35.518182,42,fingerprint,failure
2023-07-28 20:08:27.797065,12,face_recognition,failure
2023-01-22 00:25:37.790552,29,password,failure
2023-03-26 23:05:11.140637,56,face_recognition,failure
2023-10-20 14:21:09.193334,23,fingerprint,failure
2023-01-30 11:55:44.376867,92,fingerprint,success
2023-03-27 23:08:57.204162,9,face_recognition,success
2023-03-29 03:28:36.725610,25,fingerprint,failure
2023-06-05 04:06:43.266433,98,password,failure
2023-12-17 20:08:48.866766,94,fingerprint,failure
2023-11-24 02:00:11.397514,32,face_recognition,success
2023-04-23 23:34:41.807830,1,fingerprint,failure
2023-05-09 06:20:23.680077,44,password,success
2023-05-07 20:06:45.254024,12,password,success
2023-07-30 07:44:32.583237,99,password,failure
2023-05-23 09:58:46.966846,66,password,failure
2023-06-04 16:09:11.332688,5,face_recognition,success
2023-05-31 17:55:30.969826,88,password,success
2023-03-26 14:55:43.537813,59,password,failure
2023-05-24 01:04:11.351066,40,password,failure
2023-12-14 20:57:41.121105,16,password,success
2023-01-11 19:24:16.903924,43,fingerprint,success
2023-06-20 15:57:29.842995,7,face_recognition,failure
2023-07-02 17:35:41.872142,63,face_recognition,success
2023-07-28 21:59:21.711308,23,password,failure
2023-07-16 08:06:50.525289,50,password,failure
2023-10-20 12:52:31.690257,13,password,failure
2023-12-10 15:45:51.286510,52,fingerprint,success
2023-12-27 12:35:59.888494,76,fingerprint,failure
2023-10-30 18:48:32.548872,17,face_recognition,failure
2023-04-01 06:50:22.898431,94,fingerprint,success
2023-07-03 08:12:20.654515,3,fingerprint,failure
2023-05-21 06:10:13.760602,16,face_recognition,success
2023-01-20 17:20:58.086596,48,face_recognition,success
2023-09-06 18:47:16.678116,18,fingerprint,success
2023-12-20 14:36:21.867366,95,face_recognition,success
2023-06-15 17:48:03.037429,28,face_recognition,failure
2023-02-07 16:27:17.172933,78,fingerprint,failure
2023-09-04 02:26:23.706504,19,fingerprint,failure
2023-01-01 22:34:17.247778,13,password,failure
2023-11-20 12:49:06.628506,89,fingerprint,failure
2023-02-16 13:49:41.492380,50,face_recognition,success
2023-09-11 13:51:54.574606,4,password,failure
2023-07-08 20:11:22.706118,4,password,success
2023-08-20 03:07:41.790439,59,fingerprint,failure
2023-03-09 00:55:48.530255,46,password,success
2023-08-18 09:24:04.052732,59,face_recognition,failure
2023-03-23 18:18:04.990737,87,password,success
2023-09-20 02:06:34.107795,42,password,success
2023-04-06 04:12:22.111546,74,face_recognition,failure
2023-06-06 11:00:11.820710,27,password,failure
2023-07-23 17:36:53.658958,32,password,failure
2023-07-04 01:30:21.288671,5,face_recognition,success
2023-01-29 12:15:38.173753,63,fingerprint,success
2023-04-10 10:38:27.172546,81,fingerprint,success
2023-03-25 19:39:36.407157,2,password,failure
2023-09-20 01:52:53.548826,79,password,success
2023-05-17 15:51:35.263100,61,fingerprint,success
2023-06-19 19:26:24.219725,45,face_recognition,failure
2023-03-30 19:28:05.390919,38,face_recognition,success
2023-03-28 21:51:58.380731,98,face_recognition,failure
2023-09-11 20:52:11.832665,78,password,success
2023-03-23 21:25:49.292214,79,password,success
2023-02-21 02:42:16.897750,93,password,failure
2023-02-11 02:48:09.431577,14,fingerprint,success
2023-05-01 02:16:12.850483,94,fingerprint,failure
2023-11-21 13:12:53.354835,30,fingerprint,success
2023-05-27 14:19:47.239919,43,password,success
2023-03-15 17:25:21.704101,22,fingerprint,success
2023-10-25 10:14:47.718073,91,password,failure
2023-09-02 16:57:30.791042,8,face_recognition,success
2023-01-07 15:12:51.674825,20,password,success
2023-04-25 19:30:57.274999,25,fingerprint,success
2023-01-27 23:17:50.452680,39,fingerprint,failure
2023-06-05 15:14:37.286664,59,fingerprint,failure
2023-05-24 09:22:32.533644,69,face_recognition,failure
2023-12-26 16:47:51.819816,40,password,failure
2023-03-26 03:45:07.740269,58,fingerprint,failure
2023-09-22 08:48:56.025522,63,fingerprint,success
2023-04-07 05:48:52.067176,70,face_recognition,failure
2023-01-08 12:13:06.870133,45,face_recognition,failure
2023-09-01 10:14:58.830194,12,face_recognition,failure
2023-09-14 09:56:55.228033,96,fingerprint,success
2023-02-20 13:58:30.776745,95,password,success
2023-10-31 02:01:56.451042,95,password,failure
2023-10-31 13:03:02.113144,83,face_recognition,success
2023-02-09 06:44:43.054056,83,fingerprint,failure
2023-04-09 23:20:58.035267,14,password,success
2023-10-29 09:08:50.903144,12,password,success
2023-02-11 00:52:11.721124,58,fingerprint,failure
2023-12-28 10:44:32.324256,23,fingerprint,failure
2023-03-07 02:26:26.365483,13,fingerprint,failure
2023-01-31 08:03:58.201107,78,password,success
2023-10-27 22:36:05.898066,48,password,failure
2023-11-18 07:31:45.589695,93,fingerprint,success
2023-12-22 07:16:01.224707,4,face_recognition,success
2023-09-05 15:21:11.497924,60,fingerprint,success
2023-02-08 10:35:56.877939,81,face_recognition,success
2023-04-11 13:59:56.046525,99,face_recognition,failure
2023-02-01 16:28:25.995435,60,fingerprint,failure
2023-12-08 16:48:30.009334,25,password,failure
2023-09-13 07:30:29.438254,57,face_recognition,failure
2023-09-14 15:01:40.719400,64,fingerprint,success
2023-09-23 17:35:24.591321,59,fingerprint,success
2023-02-18 13:14:41.981997,37,fingerprint,success
2023-07-10 00:18:50.991806,1,password,failure
2023-10-11 10:51:31.408559,89,fingerprint,success
2023-10-15 06:22:00.319856,82,face_recognition,success
2023-08-11 05:46:26.697513,59,fingerprint,success
2023-04-20 14:18:47.331361,70,fingerprint,success
2023-01-28 16:12:10.826092,69,password,success
2023-06-24 22:27:42.562306,89,password,success
2023-02-03 16:22:22.056964,39,fingerprint,failure
2023-04-02 21:08:06.554212,19,face_recognition,failure
2023-07-08 05:06:21.370454,33,password,success
2023-07-08 20:13:43.160810,52,face_recognition,failure
2023-10-11 21:42:47.943452,12,face_recognition,failure
2023-11-26 09:08:15.159947,15,face_recognition,success
2023-06-30 23:42:26.399496,43,fingerprint,success
2023-01-05 05:29:28.427348,45,fingerprint,failure
2023-09-28 15:42:10.448291,88,face_recognition,failure
2023-07-01 10:38:49.513657,36,face_recognition,success
2023-09-17 17:04:26.513319,91,password,failure
2023-10-28 05:07:24.847728,8,password,success
2023-11-23 02:03:36.853525,59,password,failure
2023-05-13 09:13:16.425235,44,fingerprint,failure
2023-09-24 02:29:02.287382,47,password,success
2023-01-30 11:06:47.116454,87,face_recognition,success
2023-10-27 20:44:17.916782,98,fingerprint,success
2023-12-23 05:23:31.659760,14,face_recognition,failure
2023-03-26 07:23:02.534345,60,password,success
2023-04-13 03:54:38.834108,1,fingerprint,failure
2023-02-26 00:20:26.129501,52,face_recognition,success
2023-04-04 09:11:51.082780,84,password,failure
2023-01-02 20:24:18.804435,50,password,failure
2023-02-20 22:14:02.489569,18,face_recognition,success
2023-11-02 12:38:57.114905,65,fingerprint,success
2023-08-18 16:02:44.415949,37,fingerprint,success
2023-08-12 03:24:47.809685,43,password,success
2023-11-18 21:15:33.107164,9,password,success
2023-05-04 22:17:55.420789,59,face_recognition,success
2023-07-11 19:57:45.710831,78,face_recognition,failure
2023-11-08 09:50:52.471794,49,fingerprint,success
2023-09-17 09:58:30.470761,50,face_recognition,success
2023-07-29 21:42:52.420379,14,fingerprint,success
2023-12-07 15:32:47.446787,3,password,failure
2023-08-17 23:01:59.529212,23,face_recognition,failure
2023-06-29 20:03:36.209419,46,face_recognition,success
2023-04-25 22:14:28.450057,66,fingerprint,failure
2023-03-23 20:14:27.568169,66,face_recognition,failure
2023-01-18 22:14:55.207515,34,face_recognition,success
2023-12-29 05:09:42.502052,75,fingerprint,failure
2023-03-24 04:09:48.823108,51,face_recognition,success
2023-01-07 00:37:38.378757,43,face_recognition,success
2023-02-04 10:34:15.935908,80,fingerprint,failure
2023-03-17 18:18:55.257032,95,fingerprint,failure
2023-10-06 14:37:38.954367,10,fingerprint,success
2023-02-17 20:00:41.711230,20,password,failure
2023-12-09 17:56:16.373494,86,password,failure
2023-03-11 17:53:25.482090,54,face_recognition,success
2023-06-28 07:41:46.004121,73,password,failure
2023-01-19 21:17:58.323271,65,fingerprint,success
2023-09-11 06:30:34.567876,30,face_recognition,failure
2023-04-27 08:10:26.555918,62,fingerprint,success
2023-07-20 04:21:08.831336,95,face_recognition,success
2023-05-16 04:31:34.227440,7,face_recognition,failure
2023-01-27 19:40:24.701039,33,fingerprint,success
2023-12-25 05:39:42.465818,63,password,success
2023-09-28 08:26:40.187644,88,face_recognition,failure
2023-05-03 13:20:47.042760,80,face_recognition,success
2023-08-18 23:58:03.829863,66,face_recognition,success
2023-08-26 07:50:59.817543,59,password,success
2023-02-02 19:49:26.781953,44,fingerprint,success
2023-03-23 08:01:48.291081,19,password,success
2023-12-22 12:05:47.703788,8,password,failure
2023-04-13 14:15:45.159976,50,face_recognition,success
2023-09-28 09:17:15.004069,95,fingerprint,failure
2023-09-21 04:11:12.914174,74,password,failure
2023-08-18 00:05:43.003988,74,face_recognition,success
2023-01-23 05:35:52.592587,74,face_recognition,success
2023-11-30 14:46:57.998323,10,password,failure
2023-10-22 23:46:30.422161,88,face_recognition,failure
2023-01-18 15:37:10.268148,9,password,success
2023-07-06 23:31:38.558651,83,fingerprint,success
2023-02-01 04:01:29.296891,4,password,failure
2023-04-23 17:34:46.607074,93,password,failure
2023-07-03 11:28:08.673327,22,face_recognition,failure
2023-11-12 06:01:43.350853,55,password,failure
2023-11-07 22:40:18.093304,87,password,failure
2023-06-21 09:17:35.271841,11,fingerprint,failure
2023-05-06 16:20:44.986710,25,face_recognition,failure
2023-01-06 03:14:31.857619,89,fingerprint,success
2023-06-01 03:55:41.230857,77,face_recognition,success
2023-06-16 18:00:19.638966,92,face_recognition,failure
2023-09-29 16:52:42.978355,6,face_recognition,failure
2023-04-15 02:35:17.003789,69,fingerprint,success
2023-05-01 02:43:08.460428,18,password,failure
2023-02-08 09:45:46.704376,9,fingerprint,failure
2023-03-03 23:42:55.329437,50,password,failure
2023-11-13 18:01:32.367409,56,fingerprint,success
2023-09-23 13:43:03.357915,2,fingerprint,failure
2023-01-21 10:08:58.471237,80,password,success
2023-04-10 13:05:09.827099,32,password,failure
2023-11-11 17:44:16.185848,52,fingerprint,failure
2023-12-06 07:05:24.600104,11,fingerprint,failure
2023-05-11 12:18:02.218572,43,password,failure
2023-01-23 02:32:57.507900,87,fingerprint,failure
2023-10-05 21:39:20.674928,54,face_recognition,failure
2023-02-01 06:58:31.342234,46,password,success
2023-04-01 19:00:50.153962,97,fingerprint,failure
2023-09-19 04:09:43.961864,71,face_recognition,success
2023-10-25 02:57:12.581680,7,face_recognition,failure
2023-06-02 22:32:37.979795,43,face_recognition,success
2023-10-20 19:44:44.255763,44,password,failure
2023-03-20 13:36:57.105369,42,fingerprint,failure
2023-09-09 07:14:54.800707,6,face_recognition,success
2023-01-23 20:15:06.988663,31,face_recognition,success
2023-10-05 12:52:41.847826,42,fingerprint,success
2023-03-12 08:20:27.700791,92,fingerprint,failure
2023-11-22 14:59:10.349347,98,fingerprint,success
2023-04-16 14:58:41.683868,29,face_recognition,success
2023-08-12 05:01:09.784841,57,fingerprint,failure
2023-03-24 20:29:39.732677,35,fingerprint,failure
2023-03-27 07:23:49.492795,93,fingerprint,success
2023-03-25 14:06:28.785887,67,password,failure
2023-01-12 19:58:33.823582,78,face_recognition,success
2023-05-15 23:49:58.916556,43,face_recognition,success
2023-06-13 07:08:16.509640,64,fingerprint,failure
2023-07-29 12:11:01.264660,92,fingerprint,success
2023-06-11 12:35:12.286549,12,fingerprint,success
2023-11-06 15:49:20.582647,18,face_recognition,failure
2023-06-22 06:36:53.903791,31,fingerprint,failure
2023-04-26 11:45:00.105597,13,password,success
2023-10-26 01:45:20.898281,64,fingerprint,success
2023-08-18 18:16:43.083530,26,fingerprint,failure
2023-07-16 04:25:40.872770,63,password,success
2023-03-15 20:14:57.673515,60,fingerprint,success
2023-07-16 09:56:54.018591,53,password,failure
2023-09-03 01:45:59.399249,86,fingerprint,success
2023-03-27 10:32:03.797044,23,fingerprint,failure
2023-05-01 13:50:20.996296,10,password,failure
2023-11-19 09:43:39.630707,14,face_recognition,success
2023-11-28 14:51:15.161981,72,face_recognition,success
2023-07-22 08:34:35.576554,26,password,success
2023-11-02 10:51:59.855557,34,fingerprint,success
2023-08-31 14:36:33.962895,16,face_recognition,success
2023-07-28 17:11:03.471772,58,password,failure
2023-11-21 09:05:54.343428,51,fingerprint,success
2023-11-21 13:00:55.797749,26,password,failure
2023-06-11 07:05:13.031933,71,password,success
2023-01-26 06:02:53.546373,11,fingerprint,success
2023-07-02 01:02:13.656809,46,fingerprint,success
2023-08-21 02:11:27.798485,39,fingerprint,failure
2023-07-07 01:59:48.020411,82,face_recognition,success
2023-10-29 07:40:20.980200,43,password,success
2023-04-03 10:40:01.756168,80,password,success
2023-04-11 20:10:47.322907,18,face_recognition,failure
2023-04-18 13:14:48.356554,69,fingerprint,success
2023-04-09 17:43:25.857042,66,password,success
2023-01-16 17:17:04.935106,73,password,failure
2023-09-24 13:04:39.843475,9,password,success
2023-04-15 10:10:55.876118,1,password,failure
2023-02-18 10:39:44.700151,1,face_recognition,success
2023-11-30 17:03:12.243468,80,face_recognition,failure
2023-07-20 07:30:19.299764,63,fingerprint,failure
2023-05-09 07:05:39.838133,61,fingerprint,success
2023-02-02 20:26:45.970984,88,password,failure
2023-02-01 09:44:10.113469,50,password,success
2023-06-17 09:30:54.285102,76,password,success
2023-08-25 19:19:34.912304,38,face_recognition,failure
2023-09-12 18:49:38.015746,14,fingerprint,failure
2023-12-12 18:05:48.285933,89,password,success
2023-04-13 16:35:32.118201,57,password,failure
2023-11-21 16:08:23.341987,3,password,failure
2023-09-29 05:10:06.400818,1,fingerprint,failure
2023-10-11 17:51:49.466395,63,password,success
2023-12-20 07:26:08.837740,76,password,success
2023-05-10 19:53:41.901572,97,fingerprint,success
2023-02-08 14:50:17.865076,77,fingerprint,failure
2023-11-01 01:25:34.310614,34,fingerprint,success
2023-01-10 05:52:09.654004,17,face_recognition,failure
2023-09-27 19:15:14.745477,78,fingerprint,success
2023-09-19 22:47:48.243545,41,face_recognition,failure
2023-12-19 17:04:22.864750,52,face_recognition,failure
2023-12-28 04:06:11.048909,19,fingerprint,success
2023-11-19 21:17:32.778794,16,fingerprint,failure
2023-05-23 00:19:34.279419,94,fingerprint,failure
2023-05-25 14:36:20.349307,70,face_recognition,failure
2023-10-10 17:49:32.650062,37,face_recognition,success
2023-09-09 21:27:38.575296,37,face_recognition,success
2023-04-27 07:15:11.159952,33,face_recognition,failure
2023-12-03 06:06:47.729977,62,password,success
2023-06-03 00:33:15.226552,78,password,failure
2023-01-13 14:33:13.300341,80,password,failure
2023-12-07 18:17:02.307695,1,fingerprint,success
2023-06-15 16:19:42.730169,69,password,failure
2023-06-23 03:39:55.260184,52,fingerprint,failure
2023-01-04 20:58:02.337736,3,face_recognition,success
2023-06-23 23:16:12.279884,52,face_recognition,failure
2023-01-19 12:57:41.379649,34,fingerprint,failure
2023-02-05 17:28:43.277427,9,fingerprint,failure
2023-02-12 14:17:32.400057,45,fingerprint,failure
2023-08-25 04:26:54.242668,71,fingerprint,failure
2023-05-17 07:30:56.021293,78,face_recognition,success
2023-01-18 00:19:35.034507,32,fingerprint,success
2023-07-08 05:57:13.714288,28,fingerprint,failure
2023-10-26 22:33:56.527028,40,fingerprint,failure
2023-03-29 21:05:12.108816,96,face_recognition,success
2023-11-07 23:31:17.294301,15,face_recognition,failure
2023-10-22 15:38:30.790775,3,face_recognition,failure
2023-08-21 18:15:10.806368,72,password,success
2023-05-19 23:15:48.423227,23,password,success
2023-05-06 18:08:10.589968,74,fingerprint,failure
2023-02-05 01:39:09.972638,21,fingerprint,failure
2023-01-19 06:06:47.384895,99,face_recognition,failure
2023-11-07 10:41:38.741095,55,fingerprint,success
2023-07-31 18:50:16.240497,8,fingerprint,success
2023-04-01 01:23:41.635782,27,face_recognition,success
2023-07-11 01:08:54.049490,51,password,failure
2023-01-21 12:26:54.286005,41,face_recognition,failure
2023-07-08 16:44:50.395633,43,password,failure
2023-04-25 23:32:44.669448,52,password,failure
2023-02-26 19:30:08.329206,67,password,failure
2023-09-01 13:29:57.426679,23,password,failure
2023-09-27 17:46:15.626957,16,password,success
2023-11-06 06:13:24.216027,21,password,success
2023-03-20 09:03:06.619084,56,face_recognition,success
2023-04-15 17:09:55.331107,27,password,failure
2023-03-21 08:56:06.342219,20,fingerprint,success
2023-03-24 04:00:24.049395,81,face_recognition,success
2023-07-27 10:57:46.845282,72,face_recognition,failure
2023-11-26 11:28:17.616248,40,fingerprint,success
2023-11-09 01:23:47.741572,11,fingerprint,success
2023-04-13 02:07:33.216582,57,face_recognition,success
2023-05-10 17:04:11.258168,80,face_recognition,success
2023-07-28 12:07:34.975559,59,face_recognition,success
2023-12-20 16:40:52.293679,18,face_recognition,failure
2023-04-30 06:58:09.246430,69,face_recognition,failure
2023-05-28 10:44:20.756082,62,fingerprint,success
2023-02-23 06:36:17.583449,38,face_recognition,success
2023-03-10 05:42:33.734324,48,face_recognition,success
2023-02-20 01:21:22.470881,89,fingerprint,failure
2023-01-25 08:46:48.837802,75,fingerprint,success
2023-10-13 05:04:32.698460,80,password,success
2023-01-25 12:53:12.868527,95,password,success
2023-08-06 13:59:33.116658,74,password,success
2023-05-10 13:24:20.762578,18,password,success
2023-02-23 22:24:56.538647,11,fingerprint,failure
2023-10-16 06:42:55.240992,96,face_recognition,success
2023-04-19 00:59:41.218351,27,face_recognition,failure
2023-10-15 01:34:45.972207,87,password,failure
2023-09-29 21:19:12.582129,84,password,success
2023-02-10 01:14:11.402569,53,fingerprint,failure
2023-11-30 19:55:00.439953,45,face_recognition,failure
2023-05-07 18:56:58.971989,16,face_recognition,success
2023-07-16 10:25:00.267531,33,fingerprint,failure
2023-03-03 00:26:18.858288,1,face_recognition,failure
2023-07-22 22:24:56.649582,68,fingerprint,failure
2023-09-02 11:38:32.631634,91,fingerprint,success
2023-09-12 15:35:44.846874,91,password,success
2023-07-29 20:32:51.074175,70,fingerprint,failure
2023-12-03 21:11:07.275763,42,face_recognition,success
2023-08-19 10:18:16.344761,54,face_recognition,success
2023-07-03 02:54:03.526690,16,face_recognition,failure
2023-04-26 22:20:23.419199,46,face_recognition,failure
2023-01-10 21:15:22.346264,38,fingerprint,success
2023-07-18 02:14:57.118015,58,fingerprint,success
2023-10-14 15:08:58.471063,38,face_recognition,success
2023-06-01 12:52:04.434837,64,fingerprint,success
2023-02-15 06:11:08.384539,42,password,success
2023-10-31 20:43:43.164282,9,password,failure
2023-02-01 21:57:01.874357,51,fingerprint,success
2023-02-28 08:42:04.267957,97,password,failure
2023-04-01 09:03:32.000733,67,fingerprint,success
2023-11-12 10:32:11.748231,23,password,success
2023-12-17 22:51:42.369732,17,fingerprint,failure
2023-12-27 09:04:22.830418,67,password,success
2023-05-06 15:49:58.574817,88,face_recognition,success
2023-02-16 05:23:57.516024,46,face_recognition,failure
2023-08-26 13:44:13.886103,93,face_recognition,failure
2023-08-16 09:11:20.503309,67,face_recognition,success
2023-02-25 02:57:37.270900,73,password,success
2023-06-10 11:15:26.691767,19,face_recognition,success
2023-03-09 03:23:06.660435,98,password,success
2023-04-05 12:31:25.287735,58,password,success
2023-02-03 21:39:47.560905,45,fingerprint,success
2023-10-10 02:39:55.905743,20,password,failure
2023-06-12 22:29:24.115428,16,password,success
2023-02-02 20:22:18.321189,52,fingerprint,failure
2023-06-09 21:16:16.179633,50,face_recognition,failure
2023-06-23 14:43:20.694887,68,password,success
2023-07-15 18:24:40.003846,2,face_recognition,success
2023-09-26 23:54:23.366127,55,password,success
2023-08-24 17:38:13.955513,7,fingerprint,success
2023-09-30 12:20:09.497656,51,face_recognition,failure
2023-10-26 01:25:19.445071,55,face_recognition,success
2023-03-14 06:38:50.899506,5,face_recognition,failure
2023-05-16 21:18:15.589447,13,face_recognition,failure
2023-09-06 12:08:39.699482,53,face_recognition,success
2023-07-14 01:07:35.967895,1,fingerprint,success
2023-11-04 07:58:35.716470,86,password,failure
2023-05-04 12:42:53.567271,93,fingerprint,success
2023-02-12 01:24:06.871044,14,password,failure
2023-10-19 19:34:44.272487,84,face_recognition,success
2023-08-02 09:30:47.095317,9,fingerprint,success
2023-08-01 22:46:18.194223,22,password,failure
2023-04-04 04:13:56.386033,2,fingerprint,success
2023-01-13 06:10:17.746841,38,fingerprint,failure
2023-11-11 23:48:07.211752,48,password,success
2023-07-21 05:33:05.690144,44,face_recognition,failure
2023-04-24 04:02:09.938046,99,password,success
2023-09-08 09:54:53.102309,63,face_recognition,success
2023-10-29 04:52:38.028086,29,password,success
2023-05-04 07:38:30.099866,60,password,success
2023-05-26 21:23:44.396584,39,password,success
2023-08-10 05:58:58.214483,35,face_recognition,failure
2023-03-06 03:58:05.522620,92,face_recognition,failure
2023-01-25 15:03:58.850395,22,password,failure
2023-11-15 19:06:17.088097,84,fingerprint,success
2023-05-18 22:16:08.196794,48,fingerprint,success
2023-03-11 15:34:56.863133,24,password,failure
2023-12-06 00:16:10.857901,63,password,failure
2023-11-20 06:53:34.458748,88,face_recognition,failure
2023-06-16 19:55:23.665687,16,password,failure
2023-04-12 04:27:14.293106,50,face_recognition,failure
2023-08-26 14:49:37.201602,2,password,success
2023-10-24 03:34:13.940601,74,fingerprint,failure
2023-04-17 01:47:18.919255,50,fingerprint,success
2023-08-01 21:57:07.608592,72,password,failure
2023-03-12 12:10:10.216097,4,password,success
2023-05-28 08:55:50.037865,50,face_recognition,success
2023-12-27 07:55:58.120482,22,face_recognition,success
2023-10-01 15:33:21.634339,21,face_recognition,failure
2023-07-26 11:57:27.174595,32,face_recognition,failure
2023-05-30 09:04:12.351944,48,fingerprint,success
2023-06-17 14:25:03.733288,74,face_recognition,success
2023-09-21 14:27:07.033199,9,password,success
2023-06-21 23:08:14.853433,94,password,failure
2023-10-10 23:44:37.337228,38,face_recognition,failure
2023-10-09 22:34:44.881299,11,password,failure
2023-08-23 10:50:32.029182,45,fingerprint,success
2023-02-16 16:30:33.447182,47,fingerprint,success
2023-08-06 01:07:40.802870,68,fingerprint,failure
2023-02-16 20:01:55.356856,81,fingerprint,success
2023-01-24 22:25:57.080375,24,face_recognition,success
2023-12-13 13:26:07.703032,46,fingerprint,failure
2023-03-07 12:09:31.155411,39,fingerprint,success
2023-10-28 22:16:33.599052,73,fingerprint,success
2023-08-09 14:36:52.961004,98,password,failure
2023-06-02 03:53:30.865451,53,face_recognition,failure
2023-10-01 18:00:09.620322,11,face_recognition,success
2023-01-28 08:26:42.179286,31,password,success
2023-06-07 21:56:03.028981,59,fingerprint,success
2023-02-12 05:33:07.718364,35,fingerprint,success
2023-08-23 18:17:12.356673,85,face_recognition,failure
2023-07-13 05:57:45.316169,21,face_recognition,failure
2023-11-09 00:17:19.148990,3,password,failure
2023-04-18 02:56:54.672172,89,password,failure
2023-12-17 17:27:10.791542,27,fingerprint,success
2023-08-17 02:55:58.762758,61,password,failure
2023-04-19 12:51:40.842131,38,face_recognition,success
2023-12-01 04:28:27.505422,10,password,failure
2023-11-03 16:02:10.713557,63,face_recognition,success
2023-04-19 22:22:21.129265,61,face_recognition,failure
2023-12-19 05:51:20.798124,23,fingerprint,success
2023-07-15 02:53:03.955074,9,fingerprint,failure
2023-10-17 04:53:15.892056,45,face_recognition,failure
2023-04-20 13:35:41.535120,26,fingerprint,failure
2023-11-15 04:37:41.649323,92,password,success
2023-09-19 12:44:21.059934,29,fingerprint,success
2023-10-11 11:07:59.852933,65,face_recognition,success
2023-07-06 05:40:56.727913,84,password,failure
2023-09-23 18:11:19.557887,57,fingerprint,success
2023-05-24 10:10:47.846495,22,password,success
2023-10-27 17:16:41.786843,59,face_recognition,success
2023-01-18 04:05:23.131400,16,fingerprint,success
2023-12-08 17:40:23.336897,93,fingerprint,success
2023-07-24 09:10:54.028855,2,password,success
2023-04-24 15:12:53.434914,52,fingerprint,success
2023-02-11 03:59:22.663798,82,fingerprint,success
2023-06-18 21:54:00.635709,94,fingerprint,failure
2023-10-18 02:52:48.175221,27,face_recognition,failure
2023-08-16 10:12:57.987421,22,fingerprint,success
2023-08-22 06:58:42.194679,34,fingerprint,failure
2023-04-06 08:50:43.638356,53,face_recognition,success
2023-11-21 10:09:02.743629,13,fingerprint,success
2023-01-16 17:52:12.242106,72,face_recognition,failure
2023-08-01 13:47:31.452917,53,fingerprint,failure
2023-05-13 10:40:21.697480,18,password,failure
2023-10-27 14:15:59.687262,21,password,failure
2023-08-09 23:23:33.736594,31,face_recognition,success
2023-02-21 14:08:13.636053,58,face_recognition,failure
2023-03-27 15:39:44.150610,64,fingerprint,success
2023-02-18 10:05:19.315630,38,face_recognition,failure
2023-04-23 10:44:25.269770,18,face_recognition,success
2023-12-25 09:55:40.748143,11,password,failure
2023-10-10 23:37:46.415409,34,face_recognition,failure
2023-05-02 11:31:39.499012,83,fingerprint,failure
2023-07-01 16:31:30.720948,2,face_recognition,failure
2023-12-26 05:37:50.665396,69,fingerprint,failure
2023-06-29 02:35:03.759028,82,face_recognition,failure
2023-08-18 13:44:10.734655,13,password,failure
2023-11-23 08:50:31.021713,43,password,failure
2023-02-26 04:49:39.372675,29,fingerprint,failure
2023-07-19 15:12:00.022843,10,password,failure
2023-12-24 10:59:49.629806,38,face_recognition,success
2023-08-10 17:37:05.760938,32,fingerprint,failure
2023-03-12 21:33:01.122913,15,password,failure
2023-01-06 18:49:36.101214,50,password,failure
2023-03-27 01:03:50.451355,63,fingerprint,success
2023-08-04 02:49:26.779855,51,fingerprint,failure
2023-08-06 00:45:46.202357,10,password,failure
2023-07-22 22:50:11.100268,88,face_recognition,success
2023-11-27 15:31:44.093453,63,face_recognition,failure
2023-05-23 12:09:12.040764,50,password,success
2023-04-14 12:02:40.780804,61,password,failure
2023-12-01 03:36:36.694839,18,password,success
2023-01-11 20:29:08.547042,21,password,success
2023-06-29 00:17:44.164756,31,fingerprint,failure
2023-08-10 20:03:59.403489,14,face_recognition,failure
2023-06-26 20:20:52.211582,92,fingerprint,success
2023-07-27 01:29:54.093078,87,fingerprint,success
2023-02-15 19:28:26.837545,59,fingerprint,success
